in,x,y,q,tc,tr,te,tl
2,-1.229,-6.918,3.0,0.051000000000000004,8.0,8.0,20.0
3,-10.016,17.92,3.0,0.051000000000000004,8.0,8.0,20.0
