in,x,y,q,tc,tr,te,tl
595,2.5,-0.893,3.0,0.051000000000000004,9.134278870492404,9.134278870492404,20.0
596,-1.417,-4.932,3.0,0.051000000000000004,9.165737098876269,9.165737098876269,20.0
597,-1.394,-7.108,3.0,0.051000000000000004,9.379537210631657,9.379537210631657,20.0
598,-0.792,-7.116,3.0,0.051000000000000004,9.510752629828115,9.510752629828115,20.0
599,-15.574,13.339,3.0,0.051000000000000004,9.924714692987493,9.924714692987493,20.0
