in,x,y,q,tc,tr,te,tl
603,-1.179,-6.845,3.0,0.051000000000000004,8.293205873245924,8.293205873245924,20.0
604,-8.892,13.527,3.0,0.051000000000000004,8.454048340043077,8.454048340043077,20.0
605,-15.536,14.116,3.0,0.051000000000000004,8.548392315760589,8.548392315760589,20.0
606,-1.025,-7.055,3.0,0.051000000000000004,8.940870196044298,8.940870196044298,20.0
