in,x,y,q,tc,tr,te,tl
608,-11.556,12.556,3.0,0.051000000000000004,8.101161953126972,8.101161953126972,20.0
609,-19.217,12.761,3.0,0.051000000000000004,8.136402652281452,8.136402652281452,20.0
610,-1.488,-6.817,3.0,0.051000000000000004,9.793429198964432,9.793429198964432,20.0
611,-9.074,13.977,3.0,0.051000000000000004,9.955855565285411,9.955855565285411,20.0
612,-3.539,0.24,3.0,0.051000000000000004,10.234197066562011,10.234197066562011,20.0
613,-0.706,-7.253,3.0,0.051000000000000004,10.72732014227561,10.72732014227561,20.0
614,-10.156,18.043,3.0,0.051000000000000004,10.962468453139753,10.962468453139753,20.0
615,-8.934,9.52,3.0,0.051000000000000004,11.857405593971574,11.857405593971574,20.0
