in,x,y,q,tc,tr,te,tl
608,-1.28,-7.141,3.0,0.051000000000000004,8.477665222179697,8.477665222179697,20.0
609,-12.17,10.417,3.0,0.051000000000000004,8.656375218680058,8.656375218680058,20.0
610,-15.876,13.025,3.0,0.051000000000000004,9.421144191850656,9.421144191850656,20.0
611,-1.0,0.188,3.0,0.051000000000000004,9.424881736131113,9.424881736131113,20.0
612,-10.06,17.622,3.0,0.051000000000000004,10.442355810852632,10.442355810852632,20.0
613,-0.678,-6.975,3.0,0.051000000000000004,10.887713414168228,10.887713414168228,20.0
614,-2.704,-21.675,3.0,0.051000000000000004,10.918816992720132,10.918816992720132,20.0
615,-15.485,11.853,3.0,0.051000000000000004,12.376129061674774,12.376129061674774,20.0
