in,x,y,q,tc,tr,te,tl
607,-2.545,-21.655,3.0,0.051000000000000004,8.044405248170222,8.044405248170222,20.0
608,-1.333,-6.843,3.0,0.051000000000000004,8.105623263253879,8.105623263253879,20.0
609,-0.84,-7.29,3.0,0.051000000000000004,8.692059170978592,8.692059170978592,20.0
610,-10.189,18.071,3.0,0.051000000000000004,9.131448494281058,9.131448494281058,20.0
611,-15.602,11.205,3.0,0.051000000000000004,9.15441404739149,9.15441404739149,20.0
612,-12.324,10.406,3.0,0.051000000000000004,9.30982039415668,9.30982039415668,20.0
613,-0.249,-1.662,3.0,0.051000000000000004,9.840043721617526,9.840043721617526,20.0
614,-0.885,0.215,3.0,0.051000000000000004,10.927875538887143,10.927875538887143,20.0
