in,x,y,q,tc,tr,te,tl
607,-2.545,-21.655,3.0,0.051000000000000004,8.029603498780148,8.029603498780148,20.0
608,-1.333,-6.843,3.0,0.051000000000000004,8.07041550883592,8.07041550883592,20.0
609,-0.84,-7.29,3.0,0.051000000000000004,8.461372780652393,8.461372780652393,20.0
610,-10.189,18.071,3.0,0.051000000000000004,8.754298996187373,8.754298996187373,20.0
611,-15.602,11.205,3.0,0.051000000000000004,8.76960936492766,8.76960936492766,20.0
612,-12.324,10.406,3.0,0.051000000000000004,8.873213596104454,8.873213596104454,20.0
613,-0.249,-1.662,3.0,0.051000000000000004,9.226695814411684,9.226695814411684,20.0
614,-0.885,0.215,3.0,0.051000000000000004,9.951917025924763,9.951917025924763,20.0
