in,x,y,q,tc,tr,te,tl
605,-1.184,-4.657,3.0,0.051000000000000004,8.490092715629604,8.490092715629604,20.0
606,-6.513,11.0,3.0,0.051000000000000004,8.821506325278524,8.821506325278524,20.0
607,-9.007,13.701,3.0,0.051000000000000004,9.154048416424596,9.154048416424596,20.0
608,-15.453,14.217,3.0,0.051000000000000004,10.99225149773233,10.99225149773233,20.0
609,-0.768,-6.764,3.0,0.051000000000000004,12.674848060069838,12.674848060069838,20.0
610,-1.481,-6.917,3.0,0.051000000000000004,13.868199793650064,13.868199793650064,20.0
