in,x,y,q,tc,tr,te,tl
605,-1.184,-4.657,3.0,0.051000000000000004,8.070013245089944,8.070013245089944,20.0
606,-6.513,11.0,3.0,0.051000000000000004,8.117358046468361,8.117358046468361,20.0
607,-9.007,13.701,3.0,0.051000000000000004,8.164864059489227,8.164864059489227,20.0
608,-15.453,14.217,3.0,0.051000000000000004,8.427464499676047,8.427464499676047,20.0
609,-0.768,-6.764,3.0,0.051000000000000004,8.667835437152833,8.667835437152833,20.0
610,-1.481,-6.917,3.0,0.051000000000000004,8.838314256235723,8.838314256235723,20.0
