in,x,y,q,tc,tr,te,tl
605,-15.403,11.31,3.0,0.051000000000000004,9.000942704172424,9.000942704172424,20.0
606,-9.324,14.027,3.0,0.051000000000000004,9.071303440378442,9.071303440378442,20.0
607,-15.772,13.445,3.0,0.051000000000000004,9.073593483126253,9.073593483126253,20.0
608,2.557,-0.956,3.0,0.051000000000000004,9.239775961374855,9.239775961374855,20.0
609,-10.207,17.739,3.0,0.051000000000000004,9.268642482782816,9.268642482782816,20.0
610,-0.875,-6.813,3.0,0.051000000000000004,9.75855912294479,9.75855912294479,20.0
