in,x,y,q,tc,tr,te,tl
605,-1.091,-7.236,3.0,0.051000000000000004,8.78688779634588,8.78688779634588,20.0
606,-15.487,13.734,3.0,0.051000000000000004,9.191622820151096,9.191622820151096,20.0
607,-10.341,17.906,3.0,0.051000000000000004,9.782334933366863,9.782334933366863,20.0
608,-0.776,-7.105,3.0,0.051000000000000004,11.69900065163662,11.69900065163662,20.0
609,-9.394,14.01,3.0,0.051000000000000004,12.31265795289404,12.31265795289404,20.0
