in,x,y,q,tc,tr,te,tl
608,-1.28,-7.141,3.0,0.051000000000000004,9.050863488795331,9.050863488795331,20.0
609,-12.17,10.417,3.0,0.051000000000000004,9.444025481096126,9.444025481096126,20.0
610,-15.876,13.025,3.0,0.051000000000000004,11.126517222071444,11.126517222071444,20.0
611,-1.0,0.188,3.0,0.051000000000000004,11.134739819488445,11.134739819488445,20.0
612,-10.06,17.622,3.0,0.051000000000000004,13.37318278387579,13.37318278387579,20.0
613,-0.678,-6.975,3.0,0.051000000000000004,14.352969511170105,14.352969511170105,20.0
614,-2.704,-21.675,3.0,0.051000000000000004,14.421397383984289,14.421397383984289,20.0
615,-15.485,11.853,3.0,0.051000000000000004,17.627483935684506,17.627483935684506,20.0
