in,x,y,q,tc,tr,te,tl
2,-1.226,-7.104,3.0,0.051000000000000004,8.0,8.0,20.0
3,2.263,-1.48,3.0,0.051000000000000004,8.0,8.0,20.0
4,-9.576,17.386,3.0,0.051000000000000004,8.0,8.0,20.0
