in,x,y,q,tc,tr,te,tl
606,-0.808,-6.895,3.0,0.051000000000000004,8.286260018792536,8.286260018792536,20.0
607,-1.424,-6.85,3.0,0.051000000000000004,8.537885971173466,8.537885971173466,20.0
608,-15.692,13.003,3.0,0.051000000000000004,8.740588021828023,8.740588021828023,20.0
609,-9.02,13.828,3.0,0.051000000000000004,8.78646951951036,8.78646951951036,20.0
610,-0.999,0.283,3.0,0.051000000000000004,8.8794676847164,8.8794676847164,20.0
611,-19.313,12.761,3.0,0.051000000000000004,9.45707428606066,9.45707428606066,20.0
612,-8.737,9.386,3.0,0.051000000000000004,9.788410346862236,9.788410346862236,20.0
