in,x,y,q,tc,tr,te,tl
608,-1.28,-7.141,3.0,0.051000000000000004,8.573198266615636,8.573198266615636,20.0
609,-12.17,10.417,3.0,0.051000000000000004,8.787650262416069,8.787650262416069,20.0
610,-15.876,13.025,3.0,0.051000000000000004,9.705373030220787,9.705373030220787,20.0
611,-1.0,0.188,3.0,0.051000000000000004,9.709858083357334,9.709858083357334,20.0
612,-10.06,17.622,3.0,0.051000000000000004,10.930826973023159,10.930826973023159,20.0
613,-0.678,-6.975,3.0,0.051000000000000004,11.465256097001875,11.465256097001875,20.0
614,-2.704,-21.675,3.0,0.051000000000000004,11.502580391264157,11.502580391264157,20.0
615,-15.485,11.853,3.0,0.051000000000000004,13.25135487400973,13.25135487400973,20.0
