in,x,y,q,tc,tr,te,tl
605,2.399,-0.813,3.0,0.051000000000000004,8.337784356458638,8.337784356458638,20.0
606,-1.242,-6.971,3.0,0.051000000000000004,8.625483487689065,8.625483487689065,20.0
607,-9.782,17.517,3.0,0.051000000000000004,8.679959819377274,8.679959819377274,20.0
608,-9.305,14.221,3.0,0.051000000000000004,9.214285468505073,9.214285468505073,20.0
609,-0.854,-6.773,3.0,0.051000000000000004,10.193051409193302,10.193051409193302,20.0
