in,x,y,q,tc,tr,te,tl
605,-15.403,11.31,3.0,0.051000000000000004,12.50424216877591,12.50424216877591,20.0
606,-9.324,14.027,3.0,0.051000000000000004,12.820865481702988,12.820865481702988,20.0
607,-15.772,13.445,3.0,0.051000000000000004,12.83117067406814,12.83117067406814,20.0
608,2.557,-0.956,3.0,0.051000000000000004,13.578991826186847,13.578991826186847,20.0
609,-10.207,17.739,3.0,0.051000000000000004,13.708891172522671,13.708891172522671,20.0
610,-0.875,-6.813,3.0,0.051000000000000004,15.91351605325156,15.91351605325156,20.0
