in,x,y,q,tc,tr,te,tl
605,-1.091,-7.236,3.0,0.051000000000000004,8.524591864230587,8.524591864230587,20.0
606,-15.487,13.734,3.0,0.051000000000000004,8.794415213434064,8.794415213434064,20.0
607,-10.341,17.906,3.0,0.051000000000000004,9.188223288911242,9.188223288911242,20.0
608,-0.776,-7.105,3.0,0.051000000000000004,10.466000434424414,10.466000434424414,20.0
609,-9.394,14.01,3.0,0.051000000000000004,10.875105301929361,10.875105301929361,20.0
