in,x,y,q,tc,tr,te,tl
607,-2.545,-21.655,3.0,0.051000000000000004,8.162819243290814,8.162819243290814,20.0
608,-1.333,-6.843,3.0,0.051000000000000004,8.387285298597558,8.387285298597558,20.0
609,-0.84,-7.29,3.0,0.051000000000000004,10.537550293588168,10.537550293588168,20.0
610,-10.189,18.071,3.0,0.051000000000000004,12.148644479030546,12.148644479030546,20.0
611,-15.602,11.205,3.0,0.051000000000000004,12.23285150710213,12.23285150710213,20.0
612,-12.324,10.406,3.0,0.051000000000000004,12.802674778574499,12.802674778574499,20.0
613,-0.249,-1.662,3.0,0.051000000000000004,14.746826979264267,14.746826979264267,20.0
614,-0.885,0.215,3.0,0.051000000000000004,18.735543642586194,18.735543642586194,20.0
