in,x,y,q,tc,tr,te,tl
607,-6.522,10.906,3.0,0.051000000000000004,8.375726351494524,8.375726351494524,20.0
608,-2.577,-21.604,3.0,0.051000000000000004,10.472326487580514,10.472326487580514,20.0
609,-1.102,-6.792,3.0,0.051000000000000004,11.08232271531004,11.08232271531004,20.0
610,-11.491,12.47,3.0,0.051000000000000004,11.87579787847262,11.87579787847262,20.0
611,-9.729,17.618,3.0,0.051000000000000004,13.194759779459332,13.194759779459332,20.0
612,-15.536,11.088,3.0,0.051000000000000004,13.458354465008867,13.458354465008867,20.0
613,-15.765,13.462,3.0,0.051000000000000004,14.911340667207195,14.911340667207195,20.0
614,-15.613,7.54,3.0,0.051000000000000004,16.894293737514865,16.894293737514865,20.0
