in,x,y,q,tc,tr,te,tl
2,-9.782,17.517,3.0,0.051000000000000004,8.0,8.0,20.0
3,-2.081,-21.718,3.0,0.051000000000000004,8.0,8.0,20.0
4,-15.325,11.07,3.0,0.051000000000000004,8.0,8.0,20.0
5,-6.57,10.594,3.0,0.051000000000000004,8.0,8.0,20.0
