in,x,y,q,tc,tr,te,tl
605,-15.403,11.31,3.0,0.051000000000000004,13.004713520862122,13.004713520862122,20.0
606,-9.324,14.027,3.0,0.051000000000000004,13.356517201892208,13.356517201892208,20.0
607,-15.772,13.445,3.0,0.051000000000000004,13.367967415631266,13.367967415631266,20.0
608,2.557,-0.956,3.0,0.051000000000000004,14.198879806874276,14.198879806874276,20.0
609,-10.207,17.739,3.0,0.051000000000000004,14.34321241391408,14.34321241391408,20.0
610,-0.875,-6.813,3.0,0.051000000000000004,16.792795614723953,16.792795614723953,20.0
