in,x,y,q,tc,tr,te,tl
603,-1.179,-6.845,3.0,0.051000000000000004,10.345646985967393,10.345646985967393,20.0
604,-8.892,13.527,3.0,0.051000000000000004,11.632386720344613,11.632386720344613,20.0
605,-15.536,14.116,3.0,0.051000000000000004,12.387138526084708,12.387138526084708,20.0
606,-1.025,-7.055,3.0,0.051000000000000004,15.526961568354386,15.526961568354386,20.0
