in,x,y,q,tc,tr,te,tl
596,-0.784,-6.766,3.0,0.051000000000000004,8.745065397589443,8.745065397589443,20.0
597,-1.236,-5.064,3.0,0.051000000000000004,9.72879271057935,9.72879271057935,20.0
598,-10.239,17.795,3.0,0.051000000000000004,14.59974209759573,14.59974209759573,20.0
599,2.49,-1.224,3.0,0.051000000000000004,15.74032407306363,15.74032407306363,20.0
