in,x,y,q,tc,tr,te,tl
609,-11.478,12.463,3.0,0.051000000000000004,9.44929271350709,9.44929271350709,20.0
610,-0.762,-7.128,3.0,0.051000000000000004,9.70574359236615,9.70574359236615,20.0
611,-8.728,9.495,3.0,0.051000000000000004,10.919098392624445,10.919098392624445,20.0
612,-1.249,-4.772,3.0,0.051000000000000004,11.1509715229611,11.1509715229611,20.0
613,2.241,-1.336,3.0,0.051000000000000004,12.004415202680178,12.004415202680178,20.0
614,-15.451,7.303,3.0,0.051000000000000004,12.424185415181181,12.424185415181181,20.0
615,-19.168,12.516,3.0,0.051000000000000004,13.072023322930676,13.072023322930676,20.0
616,-8.978,13.796,3.0,0.051000000000000004,13.815240672960968,13.815240672960968,20.0
617,-9.822,17.367,3.0,0.051000000000000004,14.028970920204614,14.028970920204614,20.0
