in,x,y,q,tc,tr,te,tl
605,-1.091,-7.236,3.0,0.051000000000000004,8.874319773717644,8.874319773717644,20.0
606,-15.487,13.734,3.0,0.051000000000000004,9.324025355723439,9.324025355723439,20.0
607,-10.341,17.906,3.0,0.051000000000000004,9.980372148185403,9.980372148185403,20.0
608,-0.776,-7.105,3.0,0.051000000000000004,12.11000072404069,12.11000072404069,20.0
609,-9.394,14.01,3.0,0.051000000000000004,12.791842169882267,12.791842169882267,20.0
