in,x,y,q,tc,tr,te,tl
607,-6.522,10.906,3.0,0.051000000000000004,8.292231606717962,8.292231606717962,20.0
608,-2.577,-21.604,3.0,0.051000000000000004,9.922920601451512,9.922920601451512,20.0
609,-1.102,-6.792,3.0,0.051000000000000004,10.397362111907809,10.397362111907809,20.0
610,-11.491,12.47,3.0,0.051000000000000004,11.01450946103426,11.01450946103426,20.0
611,-9.729,17.618,3.0,0.051000000000000004,12.040368717357257,12.040368717357257,20.0
612,-15.536,11.088,3.0,0.051000000000000004,12.245386806118006,12.245386806118006,20.0
613,-15.765,13.462,3.0,0.051000000000000004,13.375487185605596,13.375487185605596,20.0
614,-15.613,7.54,3.0,0.051000000000000004,14.917784018067117,14.917784018067117,20.0
