in,x,y,q,tc,tr,te,tl
609,-11.478,12.463,3.0,0.051000000000000004,8.828167264861193,8.828167264861193,20.0
610,-0.762,-7.128,3.0,0.051000000000000004,8.97471062420923,8.97471062420923,20.0
611,-8.728,9.495,3.0,0.051000000000000004,9.668056224356825,9.668056224356825,20.0
612,-1.249,-4.772,3.0,0.051000000000000004,9.800555155977772,9.800555155977772,20.0
613,2.241,-1.336,3.0,0.051000000000000004,10.288237258674387,10.288237258674387,20.0
614,-15.451,7.303,3.0,0.051000000000000004,10.528105951532105,10.528105951532105,20.0
615,-19.168,12.516,3.0,0.051000000000000004,10.898299041674672,10.898299041674672,20.0
616,-8.978,13.796,3.0,0.051000000000000004,11.322994670263409,11.322994670263409,20.0
617,-9.822,17.367,3.0,0.051000000000000004,11.445126240116922,11.445126240116922,20.0
