in,x,y,q,tc,tr,te,tl
595,2.5,-0.893,3.0,0.051000000000000004,13.671394352462016,13.671394352462016,20.0
596,-1.417,-4.932,3.0,0.051000000000000004,13.828685494381347,13.828685494381347,20.0
597,-1.394,-7.108,3.0,0.051000000000000004,14.897686053158289,14.897686053158289,20.0
598,-0.792,-7.116,3.0,0.051000000000000004,15.553763149140575,15.553763149140575,20.0
599,-15.574,13.339,3.0,0.051000000000000004,17.62357346493746,17.62357346493746,20.0
