in,x,y,q,tc,tr,te,tl
607,-2.545,-21.655,3.0,0.051000000000000004,8.103612245730519,8.103612245730519,20.0
608,-1.333,-6.843,3.0,0.051000000000000004,8.246454280925718,8.246454280925718,20.0
609,-0.84,-7.29,3.0,0.051000000000000004,9.61480473228338,9.61480473228338,20.0
610,-10.189,18.071,3.0,0.051000000000000004,10.640046486655802,10.640046486655802,20.0
611,-15.602,11.205,3.0,0.051000000000000004,10.69363277724681,10.69363277724681,20.0
612,-12.324,10.406,3.0,0.051000000000000004,11.05624758636559,11.05624758636559,20.0
613,-0.249,-1.662,3.0,0.051000000000000004,12.293435350440896,12.293435350440896,20.0
614,-0.885,0.215,3.0,0.051000000000000004,14.831709590736669,14.831709590736669,20.0
