in,x,y,q,tc,tr,te,tl
2,-1.062,-7.118,3.0,0.051000000000000004,8.0,8.0,20.0
3,-0.976,-7.081,3.0,0.051000000000000004,8.0,8.0,20.0
4,-0.227,-1.763,3.0,0.051000000000000004,8.0,8.0,20.0
5,-0.661,0.134,3.0,0.051000000000000004,8.0,8.0,20.0
6,-10.317,17.908,3.0,0.051000000000000004,8.0,8.0,20.0
7,-2.194,-21.75,3.0,0.051000000000000004,8.0,8.0,20.0
8,-15.465,11.471,3.0,0.051000000000000004,8.0,8.0,20.0
9,-12.232,10.212,3.0,0.051000000000000004,8.0,8.0,20.0
