in,x,y,q,tc,tr,te,tl
605,-1.184,-4.657,3.0,0.051000000000000004,8.280052980359773,8.280052980359773,20.0
606,-6.513,11.0,3.0,0.051000000000000004,8.469432185873442,8.469432185873442,20.0
607,-9.007,13.701,3.0,0.051000000000000004,8.659456237956912,8.659456237956912,20.0
608,-15.453,14.217,3.0,0.051000000000000004,9.709857998704187,9.709857998704187,20.0
609,-0.768,-6.764,3.0,0.051000000000000004,10.671341748611336,10.671341748611336,20.0
610,-1.481,-6.917,3.0,0.051000000000000004,11.353257024942893,11.353257024942893,20.0
