in,x,y,q,tc,tr,te,tl
596,-0.784,-6.766,3.0,0.051000000000000004,8.067733217962676,8.067733217962676,20.0
597,-1.236,-5.064,3.0,0.051000000000000004,8.157162973689031,8.157162973689031,20.0
598,-10.239,17.795,3.0,0.051000000000000004,8.599976554326885,8.599976554326885,20.0
599,2.49,-1.224,3.0,0.051000000000000004,8.703665824823966,8.703665824823966,20.0
