in,x,y,q,tc,tr,te,tl
605,-1.184,-4.657,3.0,0.051000000000000004,8.21003973526983,8.21003973526983,20.0
606,-6.513,11.0,3.0,0.051000000000000004,8.352074139405081,8.352074139405081,20.0
607,-9.007,13.701,3.0,0.051000000000000004,8.494592178467684,8.494592178467684,20.0
608,-15.453,14.217,3.0,0.051000000000000004,9.28239349902814,9.28239349902814,20.0
609,-0.768,-6.764,3.0,0.051000000000000004,10.003506311458501,10.003506311458501,20.0
610,-1.481,-6.917,3.0,0.051000000000000004,10.51494276870717,10.51494276870717,20.0
