in,x,y,q,tc,tr,te,tl
607,-6.522,10.906,3.0,0.051000000000000004,8.250484234329683,8.250484234329683,20.0
608,-2.577,-21.604,3.0,0.051000000000000004,9.64821765838701,9.64821765838701,20.0
609,-1.102,-6.792,3.0,0.051000000000000004,10.054881810206693,10.054881810206693,20.0
610,-11.491,12.47,3.0,0.051000000000000004,10.58386525231508,10.58386525231508,20.0
611,-9.729,17.618,3.0,0.051000000000000004,11.463173186306221,11.463173186306221,20.0
612,-15.536,11.088,3.0,0.051000000000000004,11.638902976672577,11.638902976672577,20.0
613,-15.765,13.462,3.0,0.051000000000000004,12.607560444804797,12.607560444804797,20.0
614,-15.613,7.54,3.0,0.051000000000000004,13.929529158343243,13.929529158343243,20.0
