in,x,y,q,tc,tr,te,tl
605,2.399,-0.813,3.0,0.051000000000000004,8.900758283889699,8.900758283889699,20.0
606,-1.242,-6.971,3.0,0.051000000000000004,9.667955967170842,9.667955967170842,20.0
607,-9.782,17.517,3.0,0.051000000000000004,9.813226185006062,9.813226185006062,20.0
608,-9.305,14.221,3.0,0.051000000000000004,11.238094582680194,11.238094582680194,20.0
609,-0.854,-6.773,3.0,0.051000000000000004,13.848137091182137,13.848137091182137,20.0
