in,x,y,q,tc,tr,te,tl
603,-1.305,-6.861,3.0,0.051000000000000004,8.939941943929018,8.939941943929018,20.0
604,-15.312,11.26,3.0,0.051000000000000004,9.334187992147845,9.334187992147845,20.0
605,-1.51,-4.944,3.0,0.051000000000000004,9.979419921036166,9.979419921036166,20.0
