in,x,y,q,tc,tr,te,tl
608,-1.28,-7.141,3.0,0.051000000000000004,8.668731311051575,8.668731311051575,20.0
609,-12.17,10.417,3.0,0.051000000000000004,8.918925306152081,8.918925306152081,20.0
610,-15.876,13.025,3.0,0.051000000000000004,9.989601868590919,9.989601868590919,20.0
611,-1.0,0.188,3.0,0.051000000000000004,9.994834430583555,9.994834430583555,20.0
612,-10.06,17.622,3.0,0.051000000000000004,11.419298135193685,11.419298135193685,20.0
613,-0.678,-6.975,3.0,0.051000000000000004,12.042798779835522,12.042798779835522,20.0
614,-2.704,-21.675,3.0,0.051000000000000004,12.086343789808183,12.086343789808183,20.0
615,-15.485,11.853,3.0,0.051000000000000004,14.126580686344685,14.126580686344685,20.0
