in,x,y,q,tc,tr,te,tl
596,-0.784,-6.766,3.0,0.051000000000000004,8.40639930777606,8.40639930777606,20.0
597,-1.236,-5.064,3.0,0.051000000000000004,8.94297784213419,8.94297784213419,20.0
598,-10.239,17.795,3.0,0.051000000000000004,11.599859325961306,11.599859325961306,20.0
599,2.49,-1.224,3.0,0.051000000000000004,12.221994948943797,12.221994948943797,20.0
