in,x,y,q,tc,tr,te,tl
603,-1.179,-6.845,3.0,0.051000000000000004,9.172823492983696,9.172823492983696,20.0
604,-8.892,13.527,3.0,0.051000000000000004,9.816193360172306,9.816193360172306,20.0
605,-15.536,14.116,3.0,0.051000000000000004,10.193569263042354,10.193569263042354,20.0
606,-1.025,-7.055,3.0,0.051000000000000004,11.763480784177194,11.763480784177194,20.0
