in,x,y,q,tc,tr,te,tl
606,-6.496,10.885,3.0,0.051000000000000004,8.5138520300745,8.5138520300745,20.0
607,2.566,-1.125,3.0,0.051000000000000004,9.707497094946138,9.707497094946138,20.0
608,-19.227,12.689,3.0,0.051000000000000004,11.732401656850891,11.732401656850891,20.0
609,-0.835,-6.924,3.0,0.051000000000000004,14.733814808348138,14.733814808348138,20.0
610,-9.293,14.089,3.0,0.051000000000000004,15.860930729956934,15.860930729956934,20.0
611,-8.9,9.155,3.0,0.051000000000000004,17.62862210181985,17.62862210181985,20.0
612,-1.451,-4.931,3.0,0.051000000000000004,18.670778619761318,18.670778619761318,20.0
