in,x,y,q,tc,tr,te,tl
605,-1.091,-7.236,3.0,0.051000000000000004,8.349727909487058,8.349727909487058,20.0
606,-15.487,13.734,3.0,0.051000000000000004,8.529610142289375,8.529610142289375,20.0
607,-10.341,17.906,3.0,0.051000000000000004,8.79214885927416,8.79214885927416,20.0
608,-0.776,-7.105,3.0,0.051000000000000004,9.644000289616276,9.644000289616276,20.0
609,-9.394,14.01,3.0,0.051000000000000004,9.916736867952906,9.916736867952906,20.0
