in,x,y,q,tc,tr,te,tl
596,-0.784,-6.766,3.0,0.051000000000000004,8.541865743701413,8.541865743701413,20.0
597,-1.236,-5.064,3.0,0.051000000000000004,9.257303789512255,9.257303789512255,20.0
598,-10.239,17.795,3.0,0.051000000000000004,12.799812434615076,12.799812434615076,20.0
599,2.49,-1.224,3.0,0.051000000000000004,13.62932659859173,13.62932659859173,20.0
