in,x,y,q,tc,tr,te,tl
605,2.399,-0.813,3.0,0.051000000000000004,9.238542640348337,9.238542640348337,20.0
606,-1.242,-6.971,3.0,0.051000000000000004,10.293439454859907,10.293439454859907,20.0
607,-9.782,17.517,3.0,0.051000000000000004,10.493186004383336,10.493186004383336,20.0
608,-9.305,14.221,3.0,0.051000000000000004,12.452380051185267,12.452380051185267,20.0
609,-0.854,-6.773,3.0,0.051000000000000004,16.04118850037544,16.04118850037544,20.0
