in,x,y,q,tc,tr,te,tl
2,-1.218,-4.705,3.0,0.051000000000000004,8.0,8.0,20.0
3,-0.764,-7.121,3.0,0.051000000000000004,8.0,8.0,20.0
4,-9.715,17.387,3.0,0.051000000000000004,8.0,8.0,20.0
5,-8.757,9.147,3.0,0.051000000000000004,8.0,8.0,20.0
6,-8.867,13.64,3.0,0.051000000000000004,8.0,8.0,20.0
7,-6.265,10.919,3.0,0.051000000000000004,8.0,8.0,20.0
