in,x,y,q,tc,tr,te,tl
605,-1.091,-7.236,3.0,0.051000000000000004,8.612023841602351,8.612023841602351,20.0
606,-15.487,13.734,3.0,0.051000000000000004,8.926817749006407,8.926817749006407,20.0
607,-10.341,17.906,3.0,0.051000000000000004,9.386260503729781,9.386260503729781,20.0
608,-0.776,-7.105,3.0,0.051000000000000004,10.877000506828484,10.877000506828484,20.0
609,-9.394,14.01,3.0,0.051000000000000004,11.354289518917588,11.354289518917588,20.0
