in,x,y,q,tc,tr,te,tl
605,-15.403,11.31,3.0,0.051000000000000004,9.501414056258637,9.501414056258637,20.0
606,-9.324,14.027,3.0,0.051000000000000004,9.606955160567662,9.606955160567662,20.0
607,-15.772,13.445,3.0,0.051000000000000004,9.61039022468938,9.61039022468938,20.0
608,2.557,-0.956,3.0,0.051000000000000004,9.859663942062284,9.859663942062284,20.0
609,-10.207,17.739,3.0,0.051000000000000004,9.902963724174224,9.902963724174224,20.0
610,-0.875,-6.813,3.0,0.051000000000000004,10.637838684417186,10.637838684417186,20.0
