in,x,y,q,tc,tr,te,tl
2,-1.34,-7.237,3.0,0.051000000000000004,8.0,8.0,20.0
3,-0.756,-7.03,3.0,0.051000000000000004,8.0,8.0,20.0
4,-9.906,17.777,3.0,0.051000000000000004,8.0,8.0,20.0
5,-8.72,9.176,3.0,0.051000000000000004,8.0,8.0,20.0
6,-17.318,16.033,3.0,0.051000000000000004,8.0,8.0,20.0
