in,x,y,q,tc,tr,te,tl
608,-1.28,-7.141,3.0,0.051000000000000004,8.191066088871878,8.191066088871878,20.0
609,-12.17,10.417,3.0,0.051000000000000004,8.262550087472023,8.262550087472023,20.0
610,-15.876,13.025,3.0,0.051000000000000004,8.568457676740262,8.568457676740262,20.0
611,-1.0,0.188,3.0,0.051000000000000004,8.569952694452445,8.569952694452445,20.0
612,-10.06,17.622,3.0,0.051000000000000004,8.976942324341053,8.976942324341053,20.0
613,-0.678,-6.975,3.0,0.051000000000000004,9.155085365667292,9.155085365667292,20.0
614,-2.704,-21.675,3.0,0.051000000000000004,9.167526797088053,9.167526797088053,20.0
615,-15.485,11.853,3.0,0.051000000000000004,9.75045162466991,9.75045162466991,20.0
