in,x,y,q,tc,tr,te,tl
606,-0.808,-6.895,3.0,0.051000000000000004,8.715650046981342,8.715650046981342,20.0
607,-1.424,-6.85,3.0,0.051000000000000004,9.344714927933667,9.344714927933667,20.0
608,-15.692,13.003,3.0,0.051000000000000004,9.851470054570058,9.851470054570058,20.0
609,-9.02,13.828,3.0,0.051000000000000004,9.9661737987759,9.9661737987759,20.0
610,-0.999,0.283,3.0,0.051000000000000004,10.198669211790998,10.198669211790998,20.0
611,-19.313,12.761,3.0,0.051000000000000004,11.64268571515165,11.64268571515165,20.0
612,-8.737,9.386,3.0,0.051000000000000004,12.47102586715559,12.47102586715559,20.0
