in,x,y,q,tc,tr,te,tl
609,-11.478,12.463,3.0,0.051000000000000004,8.621125448645895,8.621125448645895,20.0
610,-0.762,-7.128,3.0,0.051000000000000004,8.731032968156923,8.731032968156923,20.0
611,-8.728,9.495,3.0,0.051000000000000004,9.251042168267618,9.251042168267618,20.0
612,-1.249,-4.772,3.0,0.051000000000000004,9.350416366983328,9.350416366983328,20.0
613,2.241,-1.336,3.0,0.051000000000000004,9.716177944005791,9.716177944005791,20.0
614,-15.451,7.303,3.0,0.051000000000000004,9.896079463649079,9.896079463649079,20.0
615,-19.168,12.516,3.0,0.051000000000000004,10.173724281256003,10.173724281256003,20.0
616,-8.978,13.796,3.0,0.051000000000000004,10.492246002697557,10.492246002697557,20.0
617,-9.822,17.367,3.0,0.051000000000000004,10.583844680087692,10.583844680087692,20.0
