in,x,y,q,tc,tr,te,tl
596,-0.784,-6.766,3.0,0.051000000000000004,8.20319965388803,8.20319965388803,20.0
597,-1.236,-5.064,3.0,0.051000000000000004,8.471488921067095,8.471488921067095,20.0
598,-10.239,17.795,3.0,0.051000000000000004,9.799929662980654,9.799929662980654,20.0
599,2.49,-1.224,3.0,0.051000000000000004,10.110997474471898,10.110997474471898,20.0
