in,x,y,q,tc,tr,te,tl
607,-2.545,-21.655,3.0,0.051000000000000004,8.074008746950371,8.074008746950371,20.0
608,-1.333,-6.843,3.0,0.051000000000000004,8.1760387720898,8.1760387720898,20.0
609,-0.84,-7.29,3.0,0.051000000000000004,9.153431951630985,9.153431951630985,20.0
610,-10.189,18.071,3.0,0.051000000000000004,9.88574749046843,9.88574749046843,20.0
611,-15.602,11.205,3.0,0.051000000000000004,9.92402341231915,9.92402341231915,20.0
612,-12.324,10.406,3.0,0.051000000000000004,10.183033990261137,10.183033990261137,20.0
613,-0.249,-1.662,3.0,0.051000000000000004,11.06673953602921,11.06673953602921,20.0
614,-0.885,0.215,3.0,0.051000000000000004,12.879792564811906,12.879792564811906,20.0
