in,x,y,q,tc,tr,te,tl
608,-1.28,-7.141,3.0,0.051000000000000004,8.382132177743756,8.382132177743756,20.0
609,-12.17,10.417,3.0,0.051000000000000004,8.525100174944047,8.525100174944047,20.0
610,-15.876,13.025,3.0,0.051000000000000004,9.136915353480525,9.136915353480525,20.0
611,-1.0,0.188,3.0,0.051000000000000004,9.13990538890489,9.13990538890489,20.0
612,-10.06,17.622,3.0,0.051000000000000004,9.953884648682106,9.953884648682106,20.0
613,-0.678,-6.975,3.0,0.051000000000000004,10.310170731334583,10.310170731334583,20.0
614,-2.704,-21.675,3.0,0.051000000000000004,10.335053594176106,10.335053594176106,20.0
615,-15.485,11.853,3.0,0.051000000000000004,11.500903249339821,11.500903249339821,20.0
