in,x,y,q,tc,tr,te,tl
608,-1.28,-7.141,3.0,0.051000000000000004,8.286599133307817,8.286599133307817,20.0
609,-12.17,10.417,3.0,0.051000000000000004,8.393825131208034,8.393825131208034,20.0
610,-15.876,13.025,3.0,0.051000000000000004,8.852686515110394,8.852686515110394,20.0
611,-1.0,0.188,3.0,0.051000000000000004,8.854929041678666,8.854929041678666,20.0
612,-10.06,17.622,3.0,0.051000000000000004,9.46541348651158,9.46541348651158,20.0
613,-0.678,-6.975,3.0,0.051000000000000004,9.732628048500938,9.732628048500938,20.0
614,-2.704,-21.675,3.0,0.051000000000000004,9.751290195632079,9.751290195632079,20.0
615,-15.485,11.853,3.0,0.051000000000000004,10.625677437004864,10.625677437004864,20.0
