in,x,y,q,tc,tr,te,tl
607,-6.522,10.906,3.0,0.051000000000000004,8.333978979106243,8.333978979106243,20.0
608,-2.577,-21.604,3.0,0.051000000000000004,10.197623544516013,10.197623544516013,20.0
609,-1.102,-6.792,3.0,0.051000000000000004,10.739842413608924,10.739842413608924,20.0
610,-11.491,12.47,3.0,0.051000000000000004,11.44515366975344,11.44515366975344,20.0
611,-9.729,17.618,3.0,0.051000000000000004,12.617564248408295,12.617564248408295,20.0
612,-15.536,11.088,3.0,0.051000000000000004,12.851870635563436,12.851870635563436,20.0
613,-15.765,13.462,3.0,0.051000000000000004,14.143413926406396,14.143413926406396,20.0
614,-15.613,7.54,3.0,0.051000000000000004,15.90603887779099,15.90603887779099,20.0
