in,x,y,q,tc,tr,te,tl
603,-1.179,-6.845,3.0,0.051000000000000004,8.879617619737772,8.879617619737772,20.0
604,-8.892,13.527,3.0,0.051000000000000004,9.36214502012923,9.36214502012923,20.0
605,-15.536,14.116,3.0,0.051000000000000004,9.645176947281765,9.645176947281765,20.0
606,-1.025,-7.055,3.0,0.051000000000000004,10.822610588132894,10.822610588132894,20.0
