in,x,y,q,tc,tr,te,tl
2,-1.238,-5.05,3.0,0.051000000000000004,8.0,8.0,20.0
3,-1.448,-6.866,3.0,0.051000000000000004,8.0,8.0,20.0
4,2.571,-1.202,3.0,0.051000000000000004,8.0,8.0,20.0
5,-0.677,-6.695,3.0,0.051000000000000004,8.0,8.0,20.0
6,-10.128,17.723,3.0,0.051000000000000004,8.0,8.0,20.0
7,-6.521,10.894,3.0,0.051000000000000004,8.0,8.0,20.0
