in,x,y,q,tc,tr,te,tl
609,-11.478,12.463,3.0,0.051000000000000004,10.277459978368285,10.277459978368285,20.0
610,-0.762,-7.128,3.0,0.051000000000000004,10.68045421657538,10.68045421657538,20.0
611,-8.728,9.495,3.0,0.051000000000000004,12.58715461698127,12.58715461698127,20.0
612,-1.249,-4.772,3.0,0.051000000000000004,12.95152667893887,12.95152667893887,20.0
613,2.241,-1.336,3.0,0.051000000000000004,14.292652461354566,14.292652461354566,20.0
614,-15.451,7.303,3.0,0.051000000000000004,14.952291366713286,14.952291366713286,20.0
615,-19.168,12.516,3.0,0.051000000000000004,15.970322364605348,15.970322364605348,20.0
616,-8.978,13.796,3.0,0.051000000000000004,17.138235343224377,17.138235343224377,20.0
617,-9.822,17.367,3.0,0.051000000000000004,17.474097160321534,17.474097160321534,20.0
