in,x,y,q,tc,tr,te,tl
609,-11.478,12.463,3.0,0.051000000000000004,9.035209081076493,9.035209081076493,20.0
610,-0.762,-7.128,3.0,0.051000000000000004,9.218388280261536,9.218388280261536,20.0
611,-8.728,9.495,3.0,0.051000000000000004,10.085070280446033,10.085070280446033,20.0
612,-1.249,-4.772,3.0,0.051000000000000004,10.250693944972214,10.250693944972214,20.0
613,2.241,-1.336,3.0,0.051000000000000004,10.860296573342984,10.860296573342984,20.0
614,-15.451,7.303,3.0,0.051000000000000004,11.16013243941513,11.16013243941513,20.0
615,-19.168,12.516,3.0,0.051000000000000004,11.622873802093341,11.622873802093341,20.0
616,-8.978,13.796,3.0,0.051000000000000004,12.153743337829262,12.153743337829262,20.0
617,-9.822,17.367,3.0,0.051000000000000004,12.306407800146152,12.306407800146152,20.0
