in,x,y,q,tc,tr,te,tl
609,-11.478,12.463,3.0,0.051000000000000004,9.242250897291791,9.242250897291791,20.0
610,-0.762,-7.128,3.0,0.051000000000000004,9.462065936313843,9.462065936313843,20.0
611,-8.728,9.495,3.0,0.051000000000000004,10.502084336535239,10.502084336535239,20.0
612,-1.249,-4.772,3.0,0.051000000000000004,10.700832733966656,10.700832733966656,20.0
613,2.241,-1.336,3.0,0.051000000000000004,11.432355888011582,11.432355888011582,20.0
614,-15.451,7.303,3.0,0.051000000000000004,11.792158927298155,11.792158927298155,20.0
615,-19.168,12.516,3.0,0.051000000000000004,12.347448562512009,12.347448562512009,20.0
616,-8.978,13.796,3.0,0.051000000000000004,12.984492005395115,12.984492005395115,20.0
617,-9.822,17.367,3.0,0.051000000000000004,13.167689360175384,13.167689360175384,20.0
