in,x,y,q,tc,tr,te,tl
603,-1.305,-6.861,3.0,0.051000000000000004,9.879883887858037,9.879883887858037,20.0
604,-15.312,11.26,3.0,0.051000000000000004,10.66837598429569,10.66837598429569,20.0
605,-1.51,-4.944,3.0,0.051000000000000004,11.958839842072333,11.958839842072333,20.0
