in,x,y,q,tc,tr,te,tl
595,2.5,-0.893,3.0,0.051000000000000004,8.567139435246201,8.567139435246201,20.0
596,-1.417,-4.932,3.0,0.051000000000000004,8.582868549438135,8.582868549438135,20.0
597,-1.394,-7.108,3.0,0.051000000000000004,8.689768605315829,8.689768605315829,20.0
598,-0.792,-7.116,3.0,0.051000000000000004,8.755376314914058,8.755376314914058,20.0
599,-15.574,13.339,3.0,0.051000000000000004,8.962357346493746,8.962357346493746,20.0
