in,x,y,q,tc,tr,te,tl
606,-6.496,10.885,3.0,0.051000000000000004,8.28028292549518,8.28028292549518,20.0
607,2.566,-1.125,3.0,0.051000000000000004,8.931362051788803,8.931362051788803,20.0
608,-19.227,12.689,3.0,0.051000000000000004,10.035855449191395,10.035855449191395,20.0
609,-0.835,-6.924,3.0,0.051000000000000004,11.67298989546262,11.67298989546262,20.0
610,-9.293,14.089,3.0,0.051000000000000004,12.287780398158327,12.287780398158327,20.0
611,-8.9,9.155,3.0,0.051000000000000004,13.251975691901736,13.251975691901736,20.0
612,-1.451,-4.931,3.0,0.051000000000000004,13.820424701687992,13.820424701687992,20.0
