in,x,y,q,tc,tr,te,tl
608,-11.556,12.556,3.0,0.051000000000000004,8.050580976563486,8.050580976563486,20.0
609,-19.217,12.761,3.0,0.051000000000000004,8.068201326140727,8.068201326140727,20.0
610,-1.488,-6.817,3.0,0.051000000000000004,8.896714599482216,8.896714599482216,20.0
611,-9.074,13.977,3.0,0.051000000000000004,8.977927782642706,8.977927782642706,20.0
612,-3.539,0.24,3.0,0.051000000000000004,9.117098533281006,9.117098533281006,20.0
613,-0.706,-7.253,3.0,0.051000000000000004,9.363660071137804,9.363660071137804,20.0
614,-10.156,18.043,3.0,0.051000000000000004,9.481234226569876,9.481234226569876,20.0
615,-8.934,9.52,3.0,0.051000000000000004,9.928702796985787,9.928702796985787,20.0
