in,x,y,q,tc,tr,te,tl
609,-11.478,12.463,3.0,0.051000000000000004,8.207041816215298,8.207041816215298,20.0
610,-0.762,-7.128,3.0,0.051000000000000004,8.243677656052308,8.243677656052308,20.0
611,-8.728,9.495,3.0,0.051000000000000004,8.417014056089206,8.417014056089206,20.0
612,-1.249,-4.772,3.0,0.051000000000000004,8.450138788994442,8.450138788994442,20.0
613,2.241,-1.336,3.0,0.051000000000000004,8.572059314668596,8.572059314668596,20.0
614,-15.451,7.303,3.0,0.051000000000000004,8.632026487883026,8.632026487883026,20.0
615,-19.168,12.516,3.0,0.051000000000000004,8.724574760418669,8.724574760418669,20.0
616,-8.978,13.796,3.0,0.051000000000000004,8.830748667565853,8.830748667565853,20.0
617,-9.822,17.367,3.0,0.051000000000000004,8.86128156002923,8.86128156002923,20.0
