in,x,y,q,tc,tr,te,tl
608,-1.28,-7.141,3.0,0.051000000000000004,8.764264355487514,8.764264355487514,20.0
609,-12.17,10.417,3.0,0.051000000000000004,9.050200349888092,9.050200349888092,20.0
610,-15.876,13.025,3.0,0.051000000000000004,10.27383070696105,10.27383070696105,20.0
611,-1.0,0.188,3.0,0.051000000000000004,10.279810777809779,10.279810777809779,20.0
612,-10.06,17.622,3.0,0.051000000000000004,11.907769297364212,11.907769297364212,20.0
613,-0.678,-6.975,3.0,0.051000000000000004,12.620341462669167,12.620341462669167,20.0
614,-2.704,-21.675,3.0,0.051000000000000004,12.67010718835221,12.67010718835221,20.0
615,-15.485,11.853,3.0,0.051000000000000004,15.00180649867964,15.00180649867964,20.0
