in,x,y,q,tc,tr,te,tl
605,2.399,-0.813,3.0,0.051000000000000004,8.562973927431061,8.562973927431061,20.0
606,-1.242,-6.971,3.0,0.051000000000000004,9.042472479481777,9.042472479481777,20.0
607,-9.782,17.517,3.0,0.051000000000000004,9.133266365628788,9.133266365628788,20.0
608,-9.305,14.221,3.0,0.051000000000000004,10.02380911417512,10.02380911417512,20.0
609,-0.854,-6.773,3.0,0.051000000000000004,11.655085681988837,11.655085681988837,20.0
