in,x,y,q,tc,tr,te,tl
595,2.5,-0.893,3.0,0.051000000000000004,14.238533787708217,14.238533787708217,20.0
596,-1.417,-4.932,3.0,0.051000000000000004,14.411554043819482,14.411554043819482,20.0
597,-1.394,-7.108,3.0,0.051000000000000004,15.587454658474119,15.587454658474119,20.0
598,-0.792,-7.116,3.0,0.051000000000000004,16.30913946405463,16.30913946405463,20.0
599,-15.574,13.339,3.0,0.051000000000000004,18.585930811431204,18.585930811431204,20.0
