in,x,y,q,tc,tr,te,tl
2,-1.227,-7.017,3.0,0.051000000000000004,8.0,8.0,20.0
3,-0.707,-7.299,3.0,0.051000000000000004,8.0,8.0,20.0
4,-8.953,13.585,3.0,0.051000000000000004,8.0,8.0,20.0
