in,x,y,q,tc,tr,te,tl
609,-11.478,12.463,3.0,0.051000000000000004,9.656334529722388,9.656334529722388,20.0
610,-0.762,-7.128,3.0,0.051000000000000004,9.949421248418458,9.949421248418458,20.0
611,-8.728,9.495,3.0,0.051000000000000004,11.336112448713651,11.336112448713651,20.0
612,-1.249,-4.772,3.0,0.051000000000000004,11.601110311955543,11.601110311955543,20.0
613,2.241,-1.336,3.0,0.051000000000000004,12.576474517348775,12.576474517348775,20.0
614,-15.451,7.303,3.0,0.051000000000000004,13.056211903064208,13.056211903064208,20.0
615,-19.168,12.516,3.0,0.051000000000000004,13.796598083349345,13.796598083349345,20.0
616,-8.978,13.796,3.0,0.051000000000000004,14.64598934052682,14.64598934052682,20.0
617,-9.822,17.367,3.0,0.051000000000000004,14.890252480233844,14.890252480233844,20.0
