in,x,y,q,tc,tr,te,tl
603,-1.305,-6.861,3.0,0.051000000000000004,12.699709719645092,12.699709719645092,20.0
604,-15.312,11.26,3.0,0.051000000000000004,14.670939960739226,14.670939960739226,20.0
605,-1.51,-4.944,3.0,0.051000000000000004,17.897099605180834,17.897099605180834,20.0
