in,x,y,q,tc,tr,te,tl
603,-1.305,-6.861,3.0,0.051000000000000004,9.409912915893528,9.409912915893528,20.0
604,-15.312,11.26,3.0,0.051000000000000004,10.001281988221768,10.001281988221768,20.0
605,-1.51,-4.944,3.0,0.051000000000000004,10.96912988155425,10.96912988155425,20.0
