in,x,y,q,tc,tr,te,tl
2,-1.198,-7.339,3.0,0.051000000000000004,8.0,8.0,20.0
3,-0.682,-6.817,3.0,0.051000000000000004,8.0,8.0,20.0
4,-9.77,17.65,3.0,0.051000000000000004,8.0,8.0,20.0
