in,x,y,q,tc,tr,te,tl
605,-1.184,-4.657,3.0,0.051000000000000004,8.630119205809493,8.630119205809493,20.0
606,-6.513,11.0,3.0,0.051000000000000004,9.056222418215246,9.056222418215246,20.0
607,-9.007,13.701,3.0,0.051000000000000004,9.48377653540305,9.48377653540305,20.0
608,-15.453,14.217,3.0,0.051000000000000004,11.847180497084423,11.847180497084423,20.0
609,-0.768,-6.764,3.0,0.051000000000000004,14.010518934375504,14.010518934375504,20.0
610,-1.481,-6.917,3.0,0.051000000000000004,15.54482830612151,15.54482830612151,20.0
