in,x,y,q,tc,tr,te,tl
603,-1.305,-6.861,3.0,0.051000000000000004,8.469970971964509,8.469970971964509,20.0
604,-15.312,11.26,3.0,0.051000000000000004,8.667093996073923,8.667093996073923,20.0
605,-1.51,-4.944,3.0,0.051000000000000004,8.989709960518084,8.989709960518084,20.0
