in,x,y,q,tc,tr,te,tl
603,-1.305,-6.861,3.0,0.051000000000000004,13.169680691609603,13.169680691609603,20.0
604,-15.312,11.26,3.0,0.051000000000000004,15.338033956813149,15.338033956813149,20.0
605,-1.51,-4.944,3.0,0.051000000000000004,18.88680956569892,18.88680956569892,20.0
