in,x,y,q,tc,tr,te,tl
2,-1.481,-6.917,3.0,0.051000000000000004,8.0,8.0,20.0
3,2.263,-1.48,3.0,0.051000000000000004,8.0,8.0,20.0
4,-1.005,-6.734,3.0,0.051000000000000004,8.0,8.0,20.0
5,-10.173,17.669,3.0,0.051000000000000004,8.0,8.0,20.0
