in,x,y,q,tc,tr,te,tl
603,-1.305,-6.861,3.0,0.051000000000000004,10.349854859822546,10.349854859822546,20.0
604,-15.312,11.26,3.0,0.051000000000000004,11.335469980369613,11.335469980369613,20.0
605,-1.51,-4.944,3.0,0.051000000000000004,12.948549802590417,12.948549802590417,20.0
