in,x,y,q,tc,tr,te,tl
603,-1.305,-6.861,3.0,0.051000000000000004,10.819825831787057,10.819825831787057,20.0
604,-15.312,11.26,3.0,0.051000000000000004,12.002563976443536,12.002563976443536,20.0
605,-1.51,-4.944,3.0,0.051000000000000004,13.938259763108501,13.938259763108501,20.0
