in,x,y,q,tc,tr,te,tl
603,-1.305,-6.861,3.0,0.051000000000000004,11.289796803751566,11.289796803751566,20.0
604,-15.312,11.26,3.0,0.051000000000000004,12.66965797251746,12.66965797251746,20.0
605,-1.51,-4.944,3.0,0.051000000000000004,14.927969723626585,14.927969723626585,20.0
