in,x,y,q,tc,tr,te,tl
605,-1.091,-7.236,3.0,0.051000000000000004,8.174863954743529,8.174863954743529,20.0
606,-15.487,13.734,3.0,0.051000000000000004,8.264805071144687,8.264805071144687,20.0
607,-10.341,17.906,3.0,0.051000000000000004,8.39607442963708,8.39607442963708,20.0
608,-0.776,-7.105,3.0,0.051000000000000004,8.822000144808138,8.822000144808138,20.0
609,-9.394,14.01,3.0,0.051000000000000004,8.958368433976453,8.958368433976453,20.0
