in,x,y,q,tc,tr,te,tl
595,2.5,-0.893,3.0,0.051000000000000004,11.96997604672341,11.96997604672341,20.0
596,-1.417,-4.932,3.0,0.051000000000000004,12.080079846066944,12.080079846066944,20.0
597,-1.394,-7.108,3.0,0.051000000000000004,12.828380237210803,12.828380237210803,20.0
598,-0.792,-7.116,3.0,0.051000000000000004,13.287634204398403,13.287634204398403,20.0
599,-15.574,13.339,3.0,0.051000000000000004,14.736501425456222,14.736501425456222,20.0
