in,x,y,q,tc,tr,te,tl
605,-1.091,-7.236,3.0,0.051000000000000004,8.699455818974116,8.699455818974116,20.0
606,-15.487,13.734,3.0,0.051000000000000004,9.059220284578752,9.059220284578752,20.0
607,-10.341,17.906,3.0,0.051000000000000004,9.584297718548322,9.584297718548322,20.0
608,-0.776,-7.105,3.0,0.051000000000000004,11.288000579232552,11.288000579232552,20.0
609,-9.394,14.01,3.0,0.051000000000000004,11.833473735905814,11.833473735905814,20.0
