in,x,y,q,tc,tr,te,tl
595,2.5,-0.893,3.0,0.051000000000000004,9.701418305738605,9.701418305738605,20.0
596,-1.417,-4.932,3.0,0.051000000000000004,9.748605648314404,9.748605648314404,20.0
597,-1.394,-7.108,3.0,0.051000000000000004,10.069305815947487,10.069305815947487,20.0
598,-0.792,-7.116,3.0,0.051000000000000004,10.266128944742173,10.266128944742173,20.0
599,-15.574,13.339,3.0,0.051000000000000004,10.887072039481238,10.887072039481238,20.0
