in,x,y,q,tc,tr,te,tl
605,2.399,-0.813,3.0,0.051000000000000004,8.225189570972425,8.225189570972425,20.0
606,-1.242,-6.971,3.0,0.051000000000000004,8.41698899179271,8.41698899179271,20.0
607,-9.782,17.517,3.0,0.051000000000000004,8.453306546251515,8.453306546251515,20.0
608,-9.305,14.221,3.0,0.051000000000000004,8.809523645670048,8.809523645670048,20.0
609,-0.854,-6.773,3.0,0.051000000000000004,9.462034272795535,9.462034272795535,20.0
