in,x,y,q,tc,tr,te,tl
607,-6.522,10.906,3.0,0.051000000000000004,8.041747372388281,8.041747372388281,20.0
608,-2.577,-21.604,3.0,0.051000000000000004,8.2747029430645,8.2747029430645,20.0
609,-1.102,-6.792,3.0,0.051000000000000004,8.342480301701116,8.342480301701116,20.0
610,-11.491,12.47,3.0,0.051000000000000004,8.43064420871918,8.43064420871918,20.0
611,-9.729,17.618,3.0,0.051000000000000004,8.577195531051037,8.577195531051037,20.0
612,-15.536,11.088,3.0,0.051000000000000004,8.60648382944543,8.60648382944543,20.0
613,-15.765,13.462,3.0,0.051000000000000004,8.7679267408008,8.7679267408008,20.0
614,-15.613,7.54,3.0,0.051000000000000004,8.988254859723874,8.988254859723874,20.0
