in,x,y,q,tc,tr,te,tl
605,-1.184,-4.657,3.0,0.051000000000000004,8.560105960719548,8.560105960719548,20.0
606,-6.513,11.0,3.0,0.051000000000000004,8.938864371746885,8.938864371746885,20.0
607,-9.007,13.701,3.0,0.051000000000000004,9.318912475913823,9.318912475913823,20.0
608,-15.453,14.217,3.0,0.051000000000000004,11.419715997408376,11.419715997408376,20.0
609,-0.768,-6.764,3.0,0.051000000000000004,13.342683497222671,13.342683497222671,20.0
610,-1.481,-6.917,3.0,0.051000000000000004,14.706514049885786,14.706514049885786,20.0
