in,x,y,q,tc,tr,te,tl
605,-1.184,-4.657,3.0,0.051000000000000004,8.140026490179887,8.140026490179887,20.0
606,-6.513,11.0,3.0,0.051000000000000004,8.234716092936722,8.234716092936722,20.0
607,-9.007,13.701,3.0,0.051000000000000004,8.329728118978455,8.329728118978455,20.0
608,-15.453,14.217,3.0,0.051000000000000004,8.854928999352094,8.854928999352094,20.0
609,-0.768,-6.764,3.0,0.051000000000000004,9.335670874305668,9.335670874305668,20.0
610,-1.481,-6.917,3.0,0.051000000000000004,9.676628512471446,9.676628512471446,20.0
