in,x,y,q,tc,tr,te,tl
609,-11.478,12.463,3.0,0.051000000000000004,8.414083632430597,8.414083632430597,20.0
610,-0.762,-7.128,3.0,0.051000000000000004,8.487355312104615,8.487355312104615,20.0
611,-8.728,9.495,3.0,0.051000000000000004,8.834028112178412,8.834028112178412,20.0
612,-1.249,-4.772,3.0,0.051000000000000004,8.900277577988886,8.900277577988886,20.0
613,2.241,-1.336,3.0,0.051000000000000004,9.144118629337193,9.144118629337193,20.0
614,-15.451,7.303,3.0,0.051000000000000004,9.264052975766052,9.264052975766052,20.0
615,-19.168,12.516,3.0,0.051000000000000004,9.449149520837336,9.449149520837336,20.0
616,-8.978,13.796,3.0,0.051000000000000004,9.661497335131704,9.661497335131704,20.0
617,-9.822,17.367,3.0,0.051000000000000004,9.72256312005846,9.72256312005846,20.0
