in,x,y,q,tc,tr,te,tl
2,-1.179,-6.811,3.0,0.051000000000000004,8.0,8.0,20.0
3,-0.973,-6.962,3.0,0.051000000000000004,8.0,8.0,20.0
