in,x,y,q,tc,tr,te,tl
603,-1.305,-6.861,3.0,0.051000000000000004,11.759767775716075,11.759767775716075,20.0
604,-15.312,11.26,3.0,0.051000000000000004,13.336751968591381,13.336751968591381,20.0
605,-1.51,-4.944,3.0,0.051000000000000004,15.917679684144668,15.917679684144668,20.0
