in,x,y,q,tc,tr,te,tl
2,-1.021,-6.71,3.0,0.051000000000000004,8.0,8.0,20.0
3,-9.09,14.0,3.0,0.051000000000000004,8.0,8.0,20.0
