in,x,y,q,tc,tr,te,tl
605,-15.403,11.31,3.0,0.051000000000000004,10.00188540834485,10.00188540834485,20.0
606,-9.324,14.027,3.0,0.051000000000000004,10.142606880756883,10.142606880756883,20.0
607,-15.772,13.445,3.0,0.051000000000000004,10.147186966252507,10.147186966252507,20.0
608,2.557,-0.956,3.0,0.051000000000000004,10.47955192274971,10.47955192274971,20.0
609,-10.207,17.739,3.0,0.051000000000000004,10.537284965565632,10.537284965565632,20.0
610,-0.875,-6.813,3.0,0.051000000000000004,11.51711824588958,11.51711824588958,20.0
