in,x,y,q,tc,tr,te,tl
603,-1.179,-6.845,3.0,0.051000000000000004,8.586411746491848,8.586411746491848,20.0
604,-8.892,13.527,3.0,0.051000000000000004,8.908096680086153,8.908096680086153,20.0
605,-15.536,14.116,3.0,0.051000000000000004,9.096784631521178,9.096784631521178,20.0
606,-1.025,-7.055,3.0,0.051000000000000004,9.881740392088597,9.881740392088597,20.0
