in,x,y,q,tc,tr,te,tl
2,-1.497,-6.701,3.0,0.051000000000000004,8.0,8.0,20.0
3,2.076,-1.286,3.0,0.051000000000000004,8.0,8.0,20.0
4,-1.043,-6.829,3.0,0.051000000000000004,8.0,8.0,20.0
5,-10.302,17.877,3.0,0.051000000000000004,8.0,8.0,20.0
