in,x,y,q,tc,tr,te,tl
605,2.399,-0.813,3.0,0.051000000000000004,8.112594785486213,8.112594785486213,20.0
606,-1.242,-6.971,3.0,0.051000000000000004,8.208494495896355,8.208494495896355,20.0
607,-9.782,17.517,3.0,0.051000000000000004,8.226653273125757,8.226653273125757,20.0
608,-9.305,14.221,3.0,0.051000000000000004,8.404761822835024,8.404761822835024,20.0
609,-0.854,-6.773,3.0,0.051000000000000004,8.731017136397767,8.731017136397767,20.0
