in,x,y,q,tc,tr,te,tl
607,-2.545,-21.655,3.0,0.051000000000000004,8.059206997560295,8.059206997560295,20.0
608,-1.333,-6.843,3.0,0.051000000000000004,8.14083101767184,8.14083101767184,20.0
609,-0.84,-7.29,3.0,0.051000000000000004,8.922745561304788,8.922745561304788,20.0
610,-10.189,18.071,3.0,0.051000000000000004,9.508597992374744,9.508597992374744,20.0
611,-15.602,11.205,3.0,0.051000000000000004,9.539218729855321,9.539218729855321,20.0
612,-12.324,10.406,3.0,0.051000000000000004,9.746427192208909,9.746427192208909,20.0
613,-0.249,-1.662,3.0,0.051000000000000004,10.453391628823368,10.453391628823368,20.0
614,-0.885,0.215,3.0,0.051000000000000004,11.903834051849525,11.903834051849525,20.0
