in,x,y,q,tc,tr,te,tl
2,-1.314,-6.803,3.0,0.051000000000000004,8.0,8.0,20.0
3,-0.867,-6.758,3.0,0.051000000000000004,8.0,8.0,20.0
