in,x,y,q,tc,tr,te,tl
606,-0.808,-6.895,3.0,0.051000000000000004,9.145040075170147,9.145040075170147,20.0
607,-1.424,-6.85,3.0,0.051000000000000004,10.151543884693867,10.151543884693867,20.0
608,-15.692,13.003,3.0,0.051000000000000004,10.962352087312093,10.962352087312093,20.0
609,-9.02,13.828,3.0,0.051000000000000004,11.14587807804144,11.14587807804144,20.0
610,-0.999,0.283,3.0,0.051000000000000004,11.517870738865597,11.517870738865597,20.0
611,-19.313,12.761,3.0,0.051000000000000004,13.82829714424264,13.82829714424264,20.0
612,-8.737,9.386,3.0,0.051000000000000004,15.153641387448944,15.153641387448944,20.0
