in,x,y,q,tc,tr,te,tl
607,-2.545,-21.655,3.0,0.051000000000000004,8.088810496340445,8.088810496340445,20.0
608,-1.333,-6.843,3.0,0.051000000000000004,8.21124652650776,8.21124652650776,20.0
609,-0.84,-7.29,3.0,0.051000000000000004,9.384118341957183,9.384118341957183,20.0
610,-10.189,18.071,3.0,0.051000000000000004,10.262896988562115,10.262896988562115,20.0
611,-15.602,11.205,3.0,0.051000000000000004,10.30882809478298,10.30882809478298,20.0
612,-12.324,10.406,3.0,0.051000000000000004,10.619640788313363,10.619640788313363,20.0
613,-0.249,-1.662,3.0,0.051000000000000004,11.680087443235054,11.680087443235054,20.0
614,-0.885,0.215,3.0,0.051000000000000004,13.855751077774286,13.855751077774286,20.0
