in,x,y,q,tc,tr,te,tl
605,2.399,-0.813,3.0,0.051000000000000004,8.45037914194485,8.45037914194485,20.0
606,-1.242,-6.971,3.0,0.051000000000000004,8.83397798358542,8.83397798358542,20.0
607,-9.782,17.517,3.0,0.051000000000000004,8.906613092503031,8.906613092503031,20.0
608,-9.305,14.221,3.0,0.051000000000000004,9.619047291340097,9.619047291340097,20.0
609,-0.854,-6.773,3.0,0.051000000000000004,10.92406854559107,10.92406854559107,20.0
