in,x,y,q,tc,tr,te,tl
595,2.5,-0.893,3.0,0.051000000000000004,12.537115481969613,12.537115481969613,20.0
596,-1.417,-4.932,3.0,0.051000000000000004,12.662948395505078,12.662948395505078,20.0
597,-1.394,-7.108,3.0,0.051000000000000004,13.518148842526632,13.518148842526632,20.0
598,-0.792,-7.116,3.0,0.051000000000000004,14.04301051931246,14.04301051931246,20.0
599,-15.574,13.339,3.0,0.051000000000000004,15.698858771949968,15.698858771949968,20.0
