in,x,y,q,tc,tr,te,tl
606,-0.808,-6.895,3.0,0.051000000000000004,8.429390028188806,8.429390028188806,20.0
607,-1.424,-6.85,3.0,0.051000000000000004,8.8068289567602,8.8068289567602,20.0
608,-15.692,13.003,3.0,0.051000000000000004,9.110882032742035,9.110882032742035,20.0
609,-9.02,13.828,3.0,0.051000000000000004,9.17970427926554,9.17970427926554,20.0
610,-0.999,0.283,3.0,0.051000000000000004,9.319201527074599,9.319201527074599,20.0
611,-19.313,12.761,3.0,0.051000000000000004,10.18561142909099,10.18561142909099,20.0
612,-8.737,9.386,3.0,0.051000000000000004,10.682615520293353,10.682615520293353,20.0
