in,x,y,q,tc,tr,te,tl
2,-1.216,-4.653,3.0,0.051000000000000004,8.0,8.0,20.0
3,-1.153,-6.655,3.0,0.051000000000000004,8.0,8.0,20.0
4,2.001,-1.388,3.0,0.051000000000000004,8.0,8.0,20.0
5,-0.976,-7.037,3.0,0.051000000000000004,8.0,8.0,20.0
6,-9.593,17.192,3.0,0.051000000000000004,8.0,8.0,20.0
7,-19.247,12.674,3.0,0.051000000000000004,8.0,8.0,20.0
8,-8.773,9.487,3.0,0.051000000000000004,8.0,8.0,20.0
9,-9.186,14.086,3.0,0.051000000000000004,8.0,8.0,20.0
