in,x,y,q,tc,tr,te,tl
608,-11.556,12.556,3.0,0.051000000000000004,8.202323906253946,8.202323906253946,20.0
609,-19.217,12.761,3.0,0.051000000000000004,8.272805304562905,8.272805304562905,20.0
610,-1.488,-6.817,3.0,0.051000000000000004,11.586858397928863,11.586858397928863,20.0
611,-9.074,13.977,3.0,0.051000000000000004,11.911711130570822,11.911711130570822,20.0
612,-3.539,0.24,3.0,0.051000000000000004,12.468394133124024,12.468394133124024,20.0
613,-0.706,-7.253,3.0,0.051000000000000004,13.454640284551221,13.454640284551221,20.0
614,-10.156,18.043,3.0,0.051000000000000004,13.924936906279505,13.924936906279505,20.0
615,-8.934,9.52,3.0,0.051000000000000004,15.714811187943148,15.714811187943148,20.0
