in,x,y,q,tc,tr,te,tl
608,-1.28,-7.141,3.0,0.051000000000000004,8.095533044435939,8.095533044435939,20.0
609,-12.17,10.417,3.0,0.051000000000000004,8.13127504373601,8.13127504373601,20.0
610,-15.876,13.025,3.0,0.051000000000000004,8.284228838370131,8.284228838370131,20.0
611,-1.0,0.188,3.0,0.051000000000000004,8.284976347226223,8.284976347226223,20.0
612,-10.06,17.622,3.0,0.051000000000000004,8.488471162170526,8.488471162170526,20.0
613,-0.678,-6.975,3.0,0.051000000000000004,8.577542682833645,8.577542682833645,20.0
614,-2.704,-21.675,3.0,0.051000000000000004,8.583763398544026,8.583763398544026,20.0
615,-15.485,11.853,3.0,0.051000000000000004,8.875225812334955,8.875225812334955,20.0
