in,x,y,q,tc,tr,te,tl
603,-1.179,-6.845,3.0,0.051000000000000004,9.759235239475545,9.759235239475545,20.0
604,-8.892,13.527,3.0,0.051000000000000004,10.72429004025846,10.72429004025846,20.0
605,-15.536,14.116,3.0,0.051000000000000004,11.29035389456353,11.29035389456353,20.0
606,-1.025,-7.055,3.0,0.051000000000000004,13.645221176265789,13.645221176265789,20.0
