in,x,y,q,tc,tr,te,tl
606,-6.496,10.885,3.0,0.051000000000000004,8.046713820915864,8.046713820915864,20.0
607,2.566,-1.125,3.0,0.051000000000000004,8.155227008631467,8.155227008631467,20.0
608,-19.227,12.689,3.0,0.051000000000000004,8.339309241531899,8.339309241531899,20.0
609,-0.835,-6.924,3.0,0.051000000000000004,8.612164982577104,8.612164982577104,20.0
610,-9.293,14.089,3.0,0.051000000000000004,8.714630066359721,8.714630066359721,20.0
611,-8.9,9.155,3.0,0.051000000000000004,8.875329281983623,8.875329281983623,20.0
612,-1.451,-4.931,3.0,0.051000000000000004,8.970070783614666,8.970070783614666,20.0
