in,x,y,q,tc,tr,te,tl
603,-1.179,-6.845,3.0,0.051000000000000004,10.932058732459241,10.932058732459241,20.0
604,-8.892,13.527,3.0,0.051000000000000004,12.540483400430766,12.540483400430766,20.0
605,-15.536,14.116,3.0,0.051000000000000004,13.483923157605886,13.483923157605886,20.0
606,-1.025,-7.055,3.0,0.051000000000000004,17.408701960442983,17.408701960442983,20.0
