in,x,y,q,tc,tr,te,tl
2,-1.398,-7.148,3.0,0.051000000000000004,8.0,8.0,20.0
3,-0.925,-6.736,3.0,0.051000000000000004,8.0,8.0,20.0
