in,x,y,q,tc,tr,te,tl
607,-6.522,10.906,3.0,0.051000000000000004,8.417473723882804,8.417473723882804,20.0
608,-2.577,-21.604,3.0,0.051000000000000004,10.747029430645016,10.747029430645016,20.0
609,-1.102,-6.792,3.0,0.051000000000000004,11.424803017011156,11.424803017011156,20.0
610,-11.491,12.47,3.0,0.051000000000000004,12.3064420871918,12.3064420871918,20.0
611,-9.729,17.618,3.0,0.051000000000000004,13.771955310510368,13.771955310510368,20.0
612,-15.536,11.088,3.0,0.051000000000000004,14.064838294454296,14.064838294454296,20.0
613,-15.765,13.462,3.0,0.051000000000000004,15.679267408007995,15.679267408007995,20.0
614,-15.613,7.54,3.0,0.051000000000000004,17.88254859723874,17.88254859723874,20.0
