in,x,y,q,tc,tr,te,tl
605,-15.403,11.31,3.0,0.051000000000000004,11.503299464603487,11.503299464603487,20.0
606,-9.324,14.027,3.0,0.051000000000000004,11.749562041324545,11.749562041324545,20.0
607,-15.772,13.445,3.0,0.051000000000000004,11.757577190941888,11.757577190941888,20.0
608,2.557,-0.956,3.0,0.051000000000000004,12.339215864811994,12.339215864811994,20.0
609,-10.207,17.739,3.0,0.051000000000000004,12.440248689739855,12.440248689739855,20.0
610,-0.875,-6.813,3.0,0.051000000000000004,14.154956930306767,14.154956930306767,20.0
