in,x,y,q,tc,tr,te,tl
607,-2.545,-21.655,3.0,0.051000000000000004,8.133215744510666,8.133215744510666,20.0
608,-1.333,-6.843,3.0,0.051000000000000004,8.31686978976164,8.31686978976164,20.0
609,-0.84,-7.29,3.0,0.051000000000000004,10.076177512935773,10.076177512935773,20.0
610,-10.189,18.071,3.0,0.051000000000000004,11.394345482843175,11.394345482843175,20.0
611,-15.602,11.205,3.0,0.051000000000000004,11.46324214217447,11.46324214217447,20.0
612,-12.324,10.406,3.0,0.051000000000000004,11.929461182470046,11.929461182470046,20.0
613,-0.249,-1.662,3.0,0.051000000000000004,13.52013116485258,13.52013116485258,20.0
614,-0.885,0.215,3.0,0.051000000000000004,16.78362661666143,16.78362661666143,20.0
