in,x,y,q,tc,tr,te,tl
605,-15.403,11.31,3.0,0.051000000000000004,11.002828112517275,11.002828112517275,20.0
606,-9.324,14.027,3.0,0.051000000000000004,11.213910321135325,11.213910321135325,20.0
607,-15.772,13.445,3.0,0.051000000000000004,11.220780449378761,11.220780449378761,20.0
608,2.557,-0.956,3.0,0.051000000000000004,11.719327884124565,11.719327884124565,20.0
609,-10.207,17.739,3.0,0.051000000000000004,11.805927448348447,11.805927448348447,20.0
610,-0.875,-6.813,3.0,0.051000000000000004,13.275677368834373,13.275677368834373,20.0
