in,x,y,q,tc,tr,te,tl
605,-15.403,11.31,3.0,0.051000000000000004,10.502356760431061,10.502356760431061,20.0
606,-9.324,14.027,3.0,0.051000000000000004,10.678258600946105,10.678258600946105,20.0
607,-15.772,13.445,3.0,0.051000000000000004,10.683983707815633,10.683983707815633,20.0
608,2.557,-0.956,3.0,0.051000000000000004,11.099439903437137,11.099439903437137,20.0
609,-10.207,17.739,3.0,0.051000000000000004,11.17160620695704,11.17160620695704,20.0
610,-0.875,-6.813,3.0,0.051000000000000004,12.396397807361977,12.396397807361977,20.0
