in,x,y,q,tc,tr,te,tl
605,2.399,-0.813,3.0,0.051000000000000004,9.125947854862124,9.125947854862124,20.0
606,-1.242,-6.971,3.0,0.051000000000000004,10.084944958963552,10.084944958963552,20.0
607,-9.782,17.517,3.0,0.051000000000000004,10.266532731257577,10.266532731257577,20.0
608,-9.305,14.221,3.0,0.051000000000000004,12.047618228350242,12.047618228350242,20.0
609,-0.854,-6.773,3.0,0.051000000000000004,15.310171363977672,15.310171363977672,20.0
