in,x,y,q,tc,tr,te,tl
605,-15.403,11.31,3.0,0.051000000000000004,12.003770816689698,12.003770816689698,20.0
606,-9.324,14.027,3.0,0.051000000000000004,12.285213761513766,12.285213761513766,20.0
607,-15.772,13.445,3.0,0.051000000000000004,12.294373932505014,12.294373932505014,20.0
608,2.557,-0.956,3.0,0.051000000000000004,12.95910384549942,12.95910384549942,20.0
609,-10.207,17.739,3.0,0.051000000000000004,13.074569931131263,13.074569931131263,20.0
610,-0.875,-6.813,3.0,0.051000000000000004,15.034236491779163,15.034236491779163,20.0
