in,x,y,q,tc,tr,te,tl
606,-6.496,10.885,3.0,0.051000000000000004,8.233569104579317,8.233569104579317,20.0
607,2.566,-1.125,3.0,0.051000000000000004,8.776135043157336,8.776135043157336,20.0
608,-19.227,12.689,3.0,0.051000000000000004,9.696546207659496,9.696546207659496,20.0
609,-0.835,-6.924,3.0,0.051000000000000004,11.060824912885517,11.060824912885517,20.0
610,-9.293,14.089,3.0,0.051000000000000004,11.573150331798605,11.573150331798605,20.0
611,-8.9,9.155,3.0,0.051000000000000004,12.376646409918113,12.376646409918113,20.0
612,-1.451,-4.931,3.0,0.051000000000000004,12.850353918073328,12.850353918073328,20.0
