in,x,y,q,tc,tr,te,tl
605,-1.091,-7.236,3.0,0.051000000000000004,8.262295932115293,8.262295932115293,20.0
606,-15.487,13.734,3.0,0.051000000000000004,8.397207606717032,8.397207606717032,20.0
607,-10.341,17.906,3.0,0.051000000000000004,8.594111644455621,8.594111644455621,20.0
608,-0.776,-7.105,3.0,0.051000000000000004,9.233000217212208,9.233000217212208,20.0
609,-9.394,14.01,3.0,0.051000000000000004,9.43755265096468,9.43755265096468,20.0
