in,x,y,q,tc,tr,te,tl
596,-0.784,-6.766,3.0,0.051000000000000004,8.677332179626767,8.677332179626767,20.0
597,-1.236,-5.064,3.0,0.051000000000000004,9.57162973689032,9.57162973689032,20.0
598,-10.239,17.795,3.0,0.051000000000000004,13.999765543268845,13.999765543268845,20.0
599,2.49,-1.224,3.0,0.051000000000000004,15.036658248239663,15.036658248239663,20.0
