in,x,y,q,tc,tr,te,tl
609,-11.478,12.463,3.0,0.051000000000000004,10.070418162152984,10.070418162152984,20.0
610,-0.762,-7.128,3.0,0.051000000000000004,10.436776560523073,10.436776560523073,20.0
611,-8.728,9.495,3.0,0.051000000000000004,12.170140560892063,12.170140560892063,20.0
612,-1.249,-4.772,3.0,0.051000000000000004,12.501387889944429,12.501387889944429,20.0
613,2.241,-1.336,3.0,0.051000000000000004,13.720593146685967,13.720593146685967,20.0
614,-15.451,7.303,3.0,0.051000000000000004,14.32026487883026,14.32026487883026,20.0
615,-19.168,12.516,3.0,0.051000000000000004,15.24574760418668,15.24574760418668,20.0
616,-8.978,13.796,3.0,0.051000000000000004,16.307486675658524,16.307486675658524,20.0
617,-9.822,17.367,3.0,0.051000000000000004,16.612815600292304,16.612815600292304,20.0
