in,x,y,q,tc,tr,te,tl
605,-1.091,-7.236,3.0,0.051000000000000004,8.437159886858822,8.437159886858822,20.0
606,-15.487,13.734,3.0,0.051000000000000004,8.66201267786172,8.66201267786172,20.0
607,-10.341,17.906,3.0,0.051000000000000004,8.990186074092701,8.990186074092701,20.0
608,-0.776,-7.105,3.0,0.051000000000000004,10.055000362020344,10.055000362020344,20.0
609,-9.394,14.01,3.0,0.051000000000000004,10.395921084941133,10.395921084941133,20.0
