in,x,y,q,tc,tr,te,tl
609,-11.478,12.463,3.0,0.051000000000000004,9.863376345937686,9.863376345937686,20.0
610,-0.762,-7.128,3.0,0.051000000000000004,10.193098904470766,10.193098904470766,20.0
611,-8.728,9.495,3.0,0.051000000000000004,11.753126504802857,11.753126504802857,20.0
612,-1.249,-4.772,3.0,0.051000000000000004,12.051249100949985,12.051249100949985,20.0
613,2.241,-1.336,3.0,0.051000000000000004,13.148533832017371,13.148533832017371,20.0
614,-15.451,7.303,3.0,0.051000000000000004,13.688238390947234,13.688238390947234,20.0
615,-19.168,12.516,3.0,0.051000000000000004,14.521172843768014,14.521172843768014,20.0
616,-8.978,13.796,3.0,0.051000000000000004,15.47673800809267,15.47673800809267,20.0
617,-9.822,17.367,3.0,0.051000000000000004,15.751534040263074,15.751534040263074,20.0
