in,x,y,q,tc,tr,te,tl
2,-0.76,-7.19,3.0,0.051000000000000004,8.0,8.0,20.0
3,-9.938,17.655,3.0,0.051000000000000004,8.0,8.0,20.0
