in,x,y,q,tc,tr,te,tl
603,-1.179,-6.845,3.0,0.051000000000000004,11.225264605705167,11.225264605705167,20.0
604,-8.892,13.527,3.0,0.051000000000000004,12.994531740473843,12.994531740473843,20.0
605,-15.536,14.116,3.0,0.051000000000000004,14.032315473366474,14.032315473366474,20.0
606,-1.025,-7.055,3.0,0.051000000000000004,18.34957215648728,18.34957215648728,20.0
