in,x,y,q,tc,tr,te,tl
607,-6.522,10.906,3.0,0.051000000000000004,8.208736861941402,8.208736861941402,20.0
608,-2.577,-21.604,3.0,0.051000000000000004,9.373514715322507,9.373514715322507,20.0
609,-1.102,-6.792,3.0,0.051000000000000004,9.712401508505577,9.712401508505577,20.0
610,-11.491,12.47,3.0,0.051000000000000004,10.153221043595899,10.153221043595899,20.0
611,-9.729,17.618,3.0,0.051000000000000004,10.885977655255184,10.885977655255184,20.0
612,-15.536,11.088,3.0,0.051000000000000004,11.032419147227149,11.032419147227149,20.0
613,-15.765,13.462,3.0,0.051000000000000004,11.839633704003997,11.839633704003997,20.0
614,-15.613,7.54,3.0,0.051000000000000004,12.94127429861937,12.94127429861937,20.0
