in,x,y,q,tc,tr,te,tl
596,-0.784,-6.766,3.0,0.051000000000000004,8.338666089813383,8.338666089813383,20.0
597,-1.236,-5.064,3.0,0.051000000000000004,8.78581486844516,8.78581486844516,20.0
598,-10.239,17.795,3.0,0.051000000000000004,10.999882771634422,10.999882771634422,20.0
599,2.49,-1.224,3.0,0.051000000000000004,11.51832912411983,11.51832912411983,20.0
