in,x,y,q,tc,tr,te,tl
606,-6.496,10.885,3.0,0.051000000000000004,8.420424388242772,8.420424388242772,20.0
607,2.566,-1.125,3.0,0.051000000000000004,9.397043077683204,9.397043077683204,20.0
608,-19.227,12.689,3.0,0.051000000000000004,11.053783173787092,11.053783173787092,20.0
609,-0.835,-6.924,3.0,0.051000000000000004,13.509484843193931,13.509484843193931,20.0
610,-9.293,14.089,3.0,0.051000000000000004,14.43167059723749,14.43167059723749,20.0
611,-8.9,9.155,3.0,0.051000000000000004,15.877963537852605,15.877963537852605,20.0
612,-1.451,-4.931,3.0,0.051000000000000004,16.73063705253199,16.73063705253199,20.0
