in,x,y,q,tc,tr,te,tl
607,-6.522,10.906,3.0,0.051000000000000004,8.16698948955312,8.16698948955312,20.0
608,-2.577,-21.604,3.0,0.051000000000000004,9.098811772258006,9.098811772258006,20.0
609,-1.102,-6.792,3.0,0.051000000000000004,9.369921206804463,9.369921206804463,20.0
610,-11.491,12.47,3.0,0.051000000000000004,9.722576834876719,9.722576834876719,20.0
611,-9.729,17.618,3.0,0.051000000000000004,10.308782124204146,10.308782124204146,20.0
612,-15.536,11.088,3.0,0.051000000000000004,10.425935317781718,10.425935317781718,20.0
613,-15.765,13.462,3.0,0.051000000000000004,11.071706963203198,11.071706963203198,20.0
614,-15.613,7.54,3.0,0.051000000000000004,11.953019438895495,11.953019438895495,20.0
