in,x,y,q,tc,tr,te,tl
595,2.5,-0.893,3.0,0.051000000000000004,10.268557740984807,10.268557740984807,20.0
596,-1.417,-4.932,3.0,0.051000000000000004,10.331474197752538,10.331474197752538,20.0
597,-1.394,-7.108,3.0,0.051000000000000004,10.759074421263316,10.759074421263316,20.0
598,-0.792,-7.116,3.0,0.051000000000000004,11.02150525965623,11.02150525965623,20.0
599,-15.574,13.339,3.0,0.051000000000000004,11.849429385974984,11.849429385974984,20.0
