in,x,y,q,tc,tr,te,tl
595,2.5,-0.893,3.0,0.051000000000000004,10.835697176231008,10.835697176231008,20.0
596,-1.417,-4.932,3.0,0.051000000000000004,10.914342747190673,10.914342747190673,20.0
597,-1.394,-7.108,3.0,0.051000000000000004,11.448843026579144,11.448843026579144,20.0
598,-0.792,-7.116,3.0,0.051000000000000004,11.776881574570288,11.776881574570288,20.0
599,-15.574,13.339,3.0,0.051000000000000004,12.81178673246873,12.81178673246873,20.0
