in,x,y,q,tc,tr,te,tl
606,-0.808,-6.895,3.0,0.051000000000000004,9.288170084566415,9.288170084566415,20.0
607,-1.424,-6.85,3.0,0.051000000000000004,10.4204868702806,10.4204868702806,20.0
608,-15.692,13.003,3.0,0.051000000000000004,11.332646098226103,11.332646098226103,20.0
609,-9.02,13.828,3.0,0.051000000000000004,11.539112837796619,11.539112837796619,20.0
610,-0.999,0.283,3.0,0.051000000000000004,11.957604581223796,11.957604581223796,20.0
611,-19.313,12.761,3.0,0.051000000000000004,14.55683428727297,14.55683428727297,20.0
612,-8.737,9.386,3.0,0.051000000000000004,16.04784656088006,16.04784656088006,20.0
