in,x,y,q,tc,tr,te,tl
605,-1.184,-4.657,3.0,0.051000000000000004,8.350066225449718,8.350066225449718,20.0
606,-6.513,11.0,3.0,0.051000000000000004,8.586790232341803,8.586790232341803,20.0
607,-9.007,13.701,3.0,0.051000000000000004,8.824320297446139,8.824320297446139,20.0
608,-15.453,14.217,3.0,0.051000000000000004,10.137322498380236,10.137322498380236,20.0
609,-0.768,-6.764,3.0,0.051000000000000004,11.33917718576417,11.33917718576417,20.0
610,-1.481,-6.917,3.0,0.051000000000000004,12.191571281178616,12.191571281178616,20.0
