in,x,y,q,tc,tr,te,tl
606,-6.496,10.885,3.0,0.051000000000000004,8.326996746411044,8.326996746411044,20.0
607,2.566,-1.125,3.0,0.051000000000000004,9.08658906042027,9.08658906042027,20.0
608,-19.227,12.689,3.0,0.051000000000000004,10.375164690723295,10.375164690723295,20.0
609,-0.835,-6.924,3.0,0.051000000000000004,12.285154878039723,12.285154878039723,20.0
610,-9.293,14.089,3.0,0.051000000000000004,13.002410464518048,13.002410464518048,20.0
611,-8.9,9.155,3.0,0.051000000000000004,14.127304973885359,14.127304973885359,20.0
612,-1.451,-4.931,3.0,0.051000000000000004,14.790495485302657,14.790495485302657,20.0
