in,x,y,q,tc,tr,te,tl
603,-1.179,-6.845,3.0,0.051000000000000004,10.05244111272147,10.05244111272147,20.0
604,-8.892,13.527,3.0,0.051000000000000004,11.178338380301536,11.178338380301536,20.0
605,-15.536,14.116,3.0,0.051000000000000004,11.83874621032412,11.83874621032412,20.0
606,-1.025,-7.055,3.0,0.051000000000000004,14.586091372310086,14.586091372310086,20.0
