in,x,y,q,tc,tr,te,tl
606,-6.496,10.885,3.0,0.051000000000000004,8.140141462747591,8.140141462747591,20.0
607,2.566,-1.125,3.0,0.051000000000000004,8.465681025894401,8.465681025894401,20.0
608,-19.227,12.689,3.0,0.051000000000000004,9.017927724595697,9.017927724595697,20.0
609,-0.835,-6.924,3.0,0.051000000000000004,9.83649494773131,9.83649494773131,20.0
610,-9.293,14.089,3.0,0.051000000000000004,10.143890199079163,10.143890199079163,20.0
611,-8.9,9.155,3.0,0.051000000000000004,10.625987845950867,10.625987845950867,20.0
612,-1.451,-4.931,3.0,0.051000000000000004,10.910212350843995,10.910212350843995,20.0
