in,x,y,q,tc,tr,te,tl
606,-6.496,10.885,3.0,0.051000000000000004,8.373710567326908,8.373710567326908,20.0
607,2.566,-1.125,3.0,0.051000000000000004,9.241816069051737,9.241816069051737,20.0
608,-19.227,12.689,3.0,0.051000000000000004,10.714473932255194,10.714473932255194,20.0
609,-0.835,-6.924,3.0,0.051000000000000004,12.897319860616827,12.897319860616827,20.0
610,-9.293,14.089,3.0,0.051000000000000004,13.71704053087777,13.71704053087777,20.0
611,-8.9,9.155,3.0,0.051000000000000004,15.002634255868982,15.002634255868982,20.0
612,-1.451,-4.931,3.0,0.051000000000000004,15.760566268917323,15.760566268917323,20.0
