in,x,y,q,tc,tr,te,tl
2,-1.481,-7.065,3.0,0.051000000000000004,8.0,8.0,20.0
3,-0.954,-6.881,3.0,0.051000000000000004,8.0,8.0,20.0
4,-10.386,17.908,3.0,0.051000000000000004,8.0,8.0,20.0
