in,x,y,q,tc,tr,te,tl
595,2.5,-0.893,3.0,0.051000000000000004,11.402836611477209,11.402836611477209,20.0
596,-1.417,-4.932,3.0,0.051000000000000004,11.497211296628809,11.497211296628809,20.0
597,-1.394,-7.108,3.0,0.051000000000000004,12.138611631894975,12.138611631894975,20.0
598,-0.792,-7.116,3.0,0.051000000000000004,12.532257889484345,12.532257889484345,20.0
599,-15.574,13.339,3.0,0.051000000000000004,13.774144078962475,13.774144078962475,20.0
