in,x,y,q,tc,tr,te,tl
603,-1.305,-6.861,3.0,0.051000000000000004,12.229738747680583,12.229738747680583,20.0
604,-15.312,11.26,3.0,0.051000000000000004,14.003845964665302,14.003845964665302,20.0
605,-1.51,-4.944,3.0,0.051000000000000004,16.90738964466275,16.90738964466275,20.0
