in,x,y,q,tc,tr,te,tl
2,-1.417,-7.056,3.0,0.051000000000000004,8.0,8.0,20.0
3,-0.839,-6.748,3.0,0.051000000000000004,8.0,8.0,20.0
