in,x,y,q,tc,tr,te,tl
596,-0.784,-6.766,3.0,0.051000000000000004,8.474132525738737,8.474132525738737,20.0
597,-1.236,-5.064,3.0,0.051000000000000004,9.100140815823224,9.100140815823224,20.0
598,-10.239,17.795,3.0,0.051000000000000004,12.199835880288191,12.199835880288191,20.0
599,2.49,-1.224,3.0,0.051000000000000004,12.925660773767763,12.925660773767763,20.0
