in,x,y,q,tc,tr,te,tl
607,-6.522,10.906,3.0,0.051000000000000004,8.08349474477656,8.08349474477656,20.0
608,-2.577,-21.604,3.0,0.051000000000000004,8.549405886129003,8.549405886129003,20.0
609,-1.102,-6.792,3.0,0.051000000000000004,8.684960603402232,8.684960603402232,20.0
610,-11.491,12.47,3.0,0.051000000000000004,8.86128841743836,8.86128841743836,20.0
611,-9.729,17.618,3.0,0.051000000000000004,9.154391062102073,9.154391062102073,20.0
612,-15.536,11.088,3.0,0.051000000000000004,9.21296765889086,9.21296765889086,20.0
613,-15.765,13.462,3.0,0.051000000000000004,9.535853481601599,9.535853481601599,20.0
614,-15.613,7.54,3.0,0.051000000000000004,9.976509719447748,9.976509719447748,20.0
