in,x,y,q,tc,tr,te,tl
2,-1.488,-6.726,3.0,0.051000000000000004,8.0,8.0,20.0
3,-0.821,-7.323,3.0,0.051000000000000004,8.0,8.0,20.0
4,-10.002,17.835,3.0,0.051000000000000004,8.0,8.0,20.0
5,-6.465,10.874,3.0,0.051000000000000004,8.0,8.0,20.0
