in,x,y,q,tc,tr,te,tl
608,-11.556,12.556,3.0,0.051000000000000004,8.15174292969046,8.15174292969046,20.0
609,-19.217,12.761,3.0,0.051000000000000004,8.204603978422178,8.204603978422178,20.0
610,-1.488,-6.817,3.0,0.051000000000000004,10.690143798446647,10.690143798446647,20.0
611,-9.074,13.977,3.0,0.051000000000000004,10.933783347928117,10.933783347928117,20.0
612,-3.539,0.24,3.0,0.051000000000000004,11.351295599843018,11.351295599843018,20.0
613,-0.706,-7.253,3.0,0.051000000000000004,12.090980213413417,12.090980213413417,20.0
614,-10.156,18.043,3.0,0.051000000000000004,12.443702679709629,12.443702679709629,20.0
615,-8.934,9.52,3.0,0.051000000000000004,13.786108390957361,13.786108390957361,20.0
