in,x,y,q,tc,tr,te,tl
606,-0.808,-6.895,3.0,0.051000000000000004,9.431300093962683,9.431300093962683,20.0
607,-1.424,-6.85,3.0,0.051000000000000004,10.689429855867333,10.689429855867333,20.0
608,-15.692,13.003,3.0,0.051000000000000004,11.702940109140116,11.702940109140116,20.0
609,-9.02,13.828,3.0,0.051000000000000004,11.9323475975518,11.9323475975518,20.0
610,-0.999,0.283,3.0,0.051000000000000004,12.397338423581996,12.397338423581996,20.0
611,-19.313,12.761,3.0,0.051000000000000004,15.2853714303033,15.2853714303033,20.0
612,-8.737,9.386,3.0,0.051000000000000004,16.94205173431118,16.94205173431118,20.0
