in,x,y,q,tc,tr,te,tl
595,2.5,-0.893,3.0,0.051000000000000004,13.104254917215815,13.104254917215815,20.0
596,-1.417,-4.932,3.0,0.051000000000000004,13.245816944943211,13.245816944943211,20.0
597,-1.394,-7.108,3.0,0.051000000000000004,14.20791744784246,14.20791744784246,20.0
598,-0.792,-7.116,3.0,0.051000000000000004,14.798386834226518,14.798386834226518,20.0
599,-15.574,13.339,3.0,0.051000000000000004,16.661216118443715,16.661216118443715,20.0
