in,x,y,q,tc,tr,te,tl
608,-1.28,-7.141,3.0,0.051000000000000004,8.955330444359392,8.955330444359392,20.0
609,-12.17,10.417,3.0,0.051000000000000004,9.312750437360116,9.312750437360116,20.0
610,-15.876,13.025,3.0,0.051000000000000004,10.842288383701312,10.842288383701312,20.0
611,-1.0,0.188,3.0,0.051000000000000004,10.849763472262223,10.849763472262223,20.0
612,-10.06,17.622,3.0,0.051000000000000004,12.884711621705264,12.884711621705264,20.0
613,-0.678,-6.975,3.0,0.051000000000000004,13.775426828336458,13.775426828336458,20.0
614,-2.704,-21.675,3.0,0.051000000000000004,13.837633985440263,13.837633985440263,20.0
615,-15.485,11.853,3.0,0.051000000000000004,16.75225812334955,16.75225812334955,20.0
