in,x,y,q,tc,tr,te,tl
605,-1.091,-7.236,3.0,0.051000000000000004,8.961751751089409,8.961751751089409,20.0
606,-15.487,13.734,3.0,0.051000000000000004,9.456427891295784,9.456427891295784,20.0
607,-10.341,17.906,3.0,0.051000000000000004,10.178409363003944,10.178409363003944,20.0
608,-0.776,-7.105,3.0,0.051000000000000004,12.52100079644476,12.52100079644476,20.0
609,-9.394,14.01,3.0,0.051000000000000004,13.271026386870496,13.271026386870496,20.0
