in,x,y,q,tc,tr,te,tl
606,-0.808,-6.895,3.0,0.051000000000000004,9.00191006577388,9.00191006577388,20.0
607,-1.424,-6.85,3.0,0.051000000000000004,9.882600899107134,9.882600899107134,20.0
608,-15.692,13.003,3.0,0.051000000000000004,10.592058076398082,10.592058076398082,20.0
609,-9.02,13.828,3.0,0.051000000000000004,10.75264331828626,10.75264331828626,20.0
610,-0.999,0.283,3.0,0.051000000000000004,11.078136896507397,11.078136896507397,20.0
611,-19.313,12.761,3.0,0.051000000000000004,13.09976000121231,13.09976000121231,20.0
612,-8.737,9.386,3.0,0.051000000000000004,14.259436214017827,14.259436214017827,20.0
