in,x,y,q,tc,tr,te,tl
603,-1.179,-6.845,3.0,0.051000000000000004,9.466029366229622,9.466029366229622,20.0
604,-8.892,13.527,3.0,0.051000000000000004,10.270241700215383,10.270241700215383,20.0
605,-15.536,14.116,3.0,0.051000000000000004,10.741961578802943,10.741961578802943,20.0
606,-1.025,-7.055,3.0,0.051000000000000004,12.704350980221491,12.704350980221491,20.0
