in,x,y,q,tc,tr,te,tl
605,-1.091,-7.236,3.0,0.051000000000000004,8.087431977371764,8.087431977371764,20.0
606,-15.487,13.734,3.0,0.051000000000000004,8.132402535572345,8.132402535572345,20.0
607,-10.341,17.906,3.0,0.051000000000000004,8.198037214818541,8.198037214818541,20.0
608,-0.776,-7.105,3.0,0.051000000000000004,8.411000072404068,8.411000072404068,20.0
609,-9.394,14.01,3.0,0.051000000000000004,8.479184216988227,8.479184216988227,20.0
