in,x,y,q,tc,tr,te,tl
606,-6.496,10.885,3.0,0.051000000000000004,8.467138209158636,8.467138209158636,20.0
607,2.566,-1.125,3.0,0.051000000000000004,9.552270086314671,9.552270086314671,20.0
608,-19.227,12.689,3.0,0.051000000000000004,11.393092415318993,11.393092415318993,20.0
609,-0.835,-6.924,3.0,0.051000000000000004,14.121649825771033,14.121649825771033,20.0
610,-9.293,14.089,3.0,0.051000000000000004,15.146300663597211,15.146300663597211,20.0
611,-8.9,9.155,3.0,0.051000000000000004,16.753292819836226,16.753292819836226,20.0
612,-1.451,-4.931,3.0,0.051000000000000004,17.700707836146655,17.700707836146655,20.0
