in,x,y,q,tc,tr,te,tl
605,2.399,-0.813,3.0,0.051000000000000004,9.013353069375912,9.013353069375912,20.0
606,-1.242,-6.971,3.0,0.051000000000000004,9.876450463067197,9.876450463067197,20.0
607,-9.782,17.517,3.0,0.051000000000000004,10.03987945813182,10.03987945813182,20.0
608,-9.305,14.221,3.0,0.051000000000000004,11.642856405515218,11.642856405515218,20.0
609,-0.854,-6.773,3.0,0.051000000000000004,14.579154227579904,14.579154227579904,20.0
