in,x,y,q,tc,tr,te,tl
608,-1.28,-7.141,3.0,0.051000000000000004,8.859797399923453,8.859797399923453,20.0
609,-12.17,10.417,3.0,0.051000000000000004,9.181475393624103,9.181475393624103,20.0
610,-15.876,13.025,3.0,0.051000000000000004,10.558059545331181,10.558059545331181,20.0
611,-1.0,0.188,3.0,0.051000000000000004,10.564787125036002,10.564787125036002,20.0
612,-10.06,17.622,3.0,0.051000000000000004,12.396240459534738,12.396240459534738,20.0
613,-0.678,-6.975,3.0,0.051000000000000004,13.197884145502812,13.197884145502812,20.0
614,-2.704,-21.675,3.0,0.051000000000000004,13.253870586896237,13.253870586896237,20.0
615,-15.485,11.853,3.0,0.051000000000000004,15.877032311014595,15.877032311014595,20.0
