in,x,y,q,tc,tr,te,tl
596,-0.784,-6.766,3.0,0.051000000000000004,8.270932871850707,8.270932871850707,20.0
597,-1.236,-5.064,3.0,0.051000000000000004,8.628651894756128,8.628651894756128,20.0
598,-10.239,17.795,3.0,0.051000000000000004,10.399906217307539,10.399906217307539,20.0
599,2.49,-1.224,3.0,0.051000000000000004,10.814663299295866,10.814663299295866,20.0
