in,x,y,q,tc,tr,te,tl
2,2.196,-1.079,3.0,0.051000000000000004,8.0,8.0,20.0
3,-0.892,-7.074,3.0,0.051000000000000004,8.0,8.0,20.0
