in,x,y,q,tc,tr,te,tl
607,-6.522,10.906,3.0,0.051000000000000004,8.459221096271085,8.459221096271085,20.0
608,-2.577,-21.604,3.0,0.051000000000000004,11.021732373709519,11.021732373709519,20.0
609,-1.102,-6.792,3.0,0.051000000000000004,11.76728331871227,11.76728331871227,20.0
610,-11.491,12.47,3.0,0.051000000000000004,12.73708629591098,12.73708629591098,20.0
611,-9.729,17.618,3.0,0.051000000000000004,14.349150841561405,14.349150841561405,20.0
612,-15.536,11.088,3.0,0.051000000000000004,14.671322123899724,14.671322123899724,20.0
613,-15.765,13.462,3.0,0.051000000000000004,16.447194148808794,16.447194148808794,20.0
614,-15.613,7.54,3.0,0.051000000000000004,18.870803456962612,18.870803456962612,20.0
