in,x,y,q,tc,tr,te,tl
2,-1.2,-6.901,3.0,0.051000000000000004,8.0,8.0,20.0
3,-1.043,-7.241,3.0,0.051000000000000004,8.0,8.0,20.0
4,-10.359,18.012,3.0,0.051000000000000004,8.0,8.0,20.0
5,-15.387,11.188,3.0,0.051000000000000004,8.0,8.0,20.0
6,-12.53,10.144,3.0,0.051000000000000004,8.0,8.0,20.0
