in,x,y,q,tc,tr,te,tl
605,-15.403,11.31,3.0,0.051000000000000004,8.500471352086212,8.500471352086212,20.0
606,-9.324,14.027,3.0,0.051000000000000004,8.535651720189222,8.535651720189222,20.0
607,-15.772,13.445,3.0,0.051000000000000004,8.536796741563126,8.536796741563126,20.0
608,2.557,-0.956,3.0,0.051000000000000004,8.619887980687427,8.619887980687427,20.0
609,-10.207,17.739,3.0,0.051000000000000004,8.634321241391408,8.634321241391408,20.0
610,-0.875,-6.813,3.0,0.051000000000000004,8.879279561472396,8.879279561472396,20.0
