in,x,y,q,tc,tr,te,tl
606,-0.808,-6.895,3.0,0.051000000000000004,9.574430103358953,9.574430103358953,20.0
607,-1.424,-6.85,3.0,0.051000000000000004,10.958372841454068,10.958372841454068,20.0
608,-15.692,13.003,3.0,0.051000000000000004,12.073234120054128,12.073234120054128,20.0
609,-9.02,13.828,3.0,0.051000000000000004,12.32558235730698,12.32558235730698,20.0
610,-0.999,0.283,3.0,0.051000000000000004,12.837072265940195,12.837072265940195,20.0
611,-19.313,12.761,3.0,0.051000000000000004,16.01390857333363,16.01390857333363,20.0
612,-8.737,9.386,3.0,0.051000000000000004,17.836256907742296,17.836256907742296,20.0
