in,x,y,q,tc,tr,te,tl
607,-2.545,-21.655,3.0,0.051000000000000004,8.118413995120592,8.118413995120592,20.0
608,-1.333,-6.843,3.0,0.051000000000000004,8.281662035343679,8.281662035343679,20.0
609,-0.84,-7.29,3.0,0.051000000000000004,9.845491122609577,9.845491122609577,20.0
610,-10.189,18.071,3.0,0.051000000000000004,11.017195984749488,11.017195984749488,20.0
611,-15.602,11.205,3.0,0.051000000000000004,11.07843745971064,11.07843745971064,20.0
612,-12.324,10.406,3.0,0.051000000000000004,11.492854384417818,11.492854384417818,20.0
613,-0.249,-1.662,3.0,0.051000000000000004,12.906783257646739,12.906783257646739,20.0
614,-0.885,0.215,3.0,0.051000000000000004,15.807668103699049,15.807668103699049,20.0
