in,x,y,q,tc,tr,te,tl
605,2.399,-0.813,3.0,0.051000000000000004,8.675568712917274,8.675568712917274,20.0
606,-1.242,-6.971,3.0,0.051000000000000004,9.250966975378132,9.250966975378132,20.0
607,-9.782,17.517,3.0,0.051000000000000004,9.359919638754548,9.359919638754548,20.0
608,-9.305,14.221,3.0,0.051000000000000004,10.428570937010146,10.428570937010146,20.0
609,-0.854,-6.773,3.0,0.051000000000000004,12.386102818386602,12.386102818386602,20.0
