in,x,y,q,tc,tr,te,tl
603,-1.179,-6.845,3.0,0.051000000000000004,10.638852859213317,10.638852859213317,20.0
604,-8.892,13.527,3.0,0.051000000000000004,12.08643506038769,12.08643506038769,20.0
605,-15.536,14.116,3.0,0.051000000000000004,12.935530841845297,12.935530841845297,20.0
606,-1.025,-7.055,3.0,0.051000000000000004,16.46783176439868,16.46783176439868,20.0
