in,x,y,q,tc,tr,te,tl
2,-1.487,-7.215,3.0,0.051000000000000004,8.0,8.0,20.0
3,2.657,-1.1,3.0,0.051000000000000004,8.0,8.0,20.0
4,-0.775,-6.805,3.0,0.051000000000000004,8.0,8.0,20.0
5,-19.177,12.795,3.0,0.051000000000000004,8.0,8.0,20.0
6,-15.607,11.154,3.0,0.051000000000000004,8.0,8.0,20.0
