in,x,y,q,tc,tr,te,tl
608,-11.556,12.556,3.0,0.051000000000000004,8.07587146484523,8.07587146484523,20.0
609,-19.217,12.761,3.0,0.051000000000000004,8.102301989211089,8.102301989211089,20.0
610,-1.488,-6.817,3.0,0.051000000000000004,9.345071899223324,9.345071899223324,20.0
611,-9.074,13.977,3.0,0.051000000000000004,9.466891673964058,9.466891673964058,20.0
612,-3.539,0.24,3.0,0.051000000000000004,9.675647799921508,9.675647799921508,20.0
613,-0.706,-7.253,3.0,0.051000000000000004,10.045490106706708,10.045490106706708,20.0
614,-10.156,18.043,3.0,0.051000000000000004,10.221851339854815,10.221851339854815,20.0
615,-8.934,9.52,3.0,0.051000000000000004,10.89305419547868,10.89305419547868,20.0
