in,x,y,q,tc,tr,te,tl
608,-11.556,12.556,3.0,0.051000000000000004,8.025290488281744,8.025290488281744,20.0
609,-19.217,12.761,3.0,0.051000000000000004,8.034100663070364,8.034100663070364,20.0
610,-1.488,-6.817,3.0,0.051000000000000004,8.448357299741108,8.448357299741108,20.0
611,-9.074,13.977,3.0,0.051000000000000004,8.488963891321353,8.488963891321353,20.0
612,-3.539,0.24,3.0,0.051000000000000004,8.558549266640503,8.558549266640503,20.0
613,-0.706,-7.253,3.0,0.051000000000000004,8.681830035568902,8.681830035568902,20.0
614,-10.156,18.043,3.0,0.051000000000000004,8.740617113284937,8.740617113284937,20.0
615,-8.934,9.52,3.0,0.051000000000000004,8.964351398492894,8.964351398492894,20.0
