in,x,y,q,tc,tr,te,tl
606,-6.496,10.885,3.0,0.051000000000000004,8.186855283663455,8.186855283663455,20.0
607,2.566,-1.125,3.0,0.051000000000000004,8.620908034525868,8.620908034525868,20.0
608,-19.227,12.689,3.0,0.051000000000000004,9.357236966127598,9.357236966127598,20.0
609,-0.835,-6.924,3.0,0.051000000000000004,10.448659930308413,10.448659930308413,20.0
610,-9.293,14.089,3.0,0.051000000000000004,10.858520265438884,10.858520265438884,20.0
611,-8.9,9.155,3.0,0.051000000000000004,11.501317127934492,11.501317127934492,20.0
612,-1.451,-4.931,3.0,0.051000000000000004,11.880283134458661,11.880283134458661,20.0
