in,x,y,q,tc,tr,te,tl
605,-1.184,-4.657,3.0,0.051000000000000004,8.700132450899435,8.700132450899435,20.0
606,-6.513,11.0,3.0,0.051000000000000004,9.173580464683607,9.173580464683607,20.0
607,-9.007,13.701,3.0,0.051000000000000004,9.648640594892278,9.648640594892278,20.0
608,-15.453,14.217,3.0,0.051000000000000004,12.27464499676047,12.27464499676047,20.0
609,-0.768,-6.764,3.0,0.051000000000000004,14.67835437152834,14.67835437152834,20.0
610,-1.481,-6.917,3.0,0.051000000000000004,16.383142562357232,16.383142562357232,20.0
