in,x,y,q,tc,tr,te,tl
608,-11.556,12.556,3.0,0.051000000000000004,8.252904882817433,8.252904882817433,20.0
609,-19.217,12.761,3.0,0.051000000000000004,8.341006630703632,8.341006630703632,20.0
610,-1.488,-6.817,3.0,0.051000000000000004,12.483572997411079,12.483572997411079,20.0
611,-9.074,13.977,3.0,0.051000000000000004,12.889638913213528,12.889638913213528,20.0
612,-3.539,0.24,3.0,0.051000000000000004,13.58549266640503,13.58549266640503,20.0
613,-0.706,-7.253,3.0,0.051000000000000004,14.818300355689026,14.818300355689026,20.0
614,-10.156,18.043,3.0,0.051000000000000004,15.406171132849382,15.406171132849382,20.0
615,-8.934,9.52,3.0,0.051000000000000004,17.643513984928937,17.643513984928937,20.0
