in,x,y,q,tc,tr,te,tl
596,-0.784,-6.766,3.0,0.051000000000000004,8.135466435925354,8.135466435925354,20.0
597,-1.236,-5.064,3.0,0.051000000000000004,8.314325947378064,8.314325947378064,20.0
598,-10.239,17.795,3.0,0.051000000000000004,9.19995310865377,9.19995310865377,20.0
599,2.49,-1.224,3.0,0.051000000000000004,9.407331649647933,9.407331649647933,20.0
