in,x,y,q,tc,tr,te,tl
605,-1.184,-4.657,3.0,0.051000000000000004,8.77014569598938,8.77014569598938,20.0
606,-6.513,11.0,3.0,0.051000000000000004,9.290938511151966,9.290938511151966,20.0
607,-9.007,13.701,3.0,0.051000000000000004,9.813504654381507,9.813504654381507,20.0
608,-15.453,14.217,3.0,0.051000000000000004,12.702109496436517,12.702109496436517,20.0
609,-0.768,-6.764,3.0,0.051000000000000004,15.346189808681173,15.346189808681173,20.0
610,-1.481,-6.917,3.0,0.051000000000000004,17.221456818592955,17.221456818592955,20.0
