in,x,y,q,tc,tr,te,tl
596,-0.784,-6.766,3.0,0.051000000000000004,8.609598961664089,8.609598961664089,20.0
597,-1.236,-5.064,3.0,0.051000000000000004,9.414466763201286,9.414466763201286,20.0
598,-10.239,17.795,3.0,0.051000000000000004,13.39978898894196,13.39978898894196,20.0
599,2.49,-1.224,3.0,0.051000000000000004,14.332992423415696,14.332992423415696,20.0
