in,x,y,q,tc,tr,te,tl
608,-11.556,12.556,3.0,0.051000000000000004,8.177033417972202,8.177033417972202,20.0
609,-19.217,12.761,3.0,0.051000000000000004,8.238704641492541,8.238704641492541,20.0
610,-1.488,-6.817,3.0,0.051000000000000004,11.138501098187755,11.138501098187755,20.0
611,-9.074,13.977,3.0,0.051000000000000004,11.42274723924947,11.42274723924947,20.0
612,-3.539,0.24,3.0,0.051000000000000004,11.909844866483521,11.909844866483521,20.0
613,-0.706,-7.253,3.0,0.051000000000000004,12.772810248982319,12.772810248982319,20.0
614,-10.156,18.043,3.0,0.051000000000000004,13.184319792994568,13.184319792994568,20.0
615,-8.934,9.52,3.0,0.051000000000000004,14.750459789450254,14.750459789450254,20.0
