in,x,y,q,tc,tr,te,tl
608,-11.556,12.556,3.0,0.051000000000000004,8.278195371099176,8.278195371099176,20.0
609,-19.217,12.761,3.0,0.051000000000000004,8.375107293773993,8.375107293773993,20.0
610,-1.488,-6.817,3.0,0.051000000000000004,12.931930297152185,12.931930297152185,20.0
611,-9.074,13.977,3.0,0.051000000000000004,13.37860280453488,13.37860280453488,20.0
612,-3.539,0.24,3.0,0.051000000000000004,14.144041933045532,14.144041933045532,20.0
613,-0.706,-7.253,3.0,0.051000000000000004,15.50013039125793,15.50013039125793,20.0
614,-10.156,18.043,3.0,0.051000000000000004,16.14678824613432,16.14678824613432,20.0
615,-8.934,9.52,3.0,0.051000000000000004,18.607865383421828,18.607865383421828,20.0
