in,x,y,q,tc,tr,te,tl
608,-11.556,12.556,3.0,0.051000000000000004,8.22761439453569,8.22761439453569,20.0
609,-19.217,12.761,3.0,0.051000000000000004,8.306905967633268,8.306905967633268,20.0
610,-1.488,-6.817,3.0,0.051000000000000004,12.03521569766997,12.03521569766997,20.0
611,-9.074,13.977,3.0,0.051000000000000004,12.400675021892175,12.400675021892175,20.0
612,-3.539,0.24,3.0,0.051000000000000004,13.026943399764527,13.026943399764527,20.0
613,-0.706,-7.253,3.0,0.051000000000000004,14.136470320120123,14.136470320120123,20.0
614,-10.156,18.043,3.0,0.051000000000000004,14.665554019564443,14.665554019564443,20.0
615,-8.934,9.52,3.0,0.051000000000000004,16.679162586436043,16.679162586436043,20.0
