in,x,y,q,tc,tr,te,tl
607,-2.545,-21.655,3.0,0.051000000000000004,8.014801749390074,8.014801749390074,20.0
608,-1.333,-6.843,3.0,0.051000000000000004,8.03520775441796,8.03520775441796,20.0
609,-0.84,-7.29,3.0,0.051000000000000004,8.230686390326197,8.230686390326197,20.0
610,-10.189,18.071,3.0,0.051000000000000004,8.377149498093686,8.377149498093686,20.0
611,-15.602,11.205,3.0,0.051000000000000004,8.38480468246383,8.38480468246383,20.0
612,-12.324,10.406,3.0,0.051000000000000004,8.436606798052228,8.436606798052228,20.0
613,-0.249,-1.662,3.0,0.051000000000000004,8.613347907205842,8.613347907205842,20.0
614,-0.885,0.215,3.0,0.051000000000000004,8.97595851296238,8.97595851296238,20.0
