in,x,y,q,tc,tr,te,tl
607,-6.522,10.906,3.0,0.051000000000000004,8.125242117164841,8.125242117164841,20.0
608,-2.577,-21.604,3.0,0.051000000000000004,8.824108829193506,8.824108829193506,20.0
609,-1.102,-6.792,3.0,0.051000000000000004,9.027440905103347,9.027440905103347,20.0
610,-11.491,12.47,3.0,0.051000000000000004,9.29193262615754,9.29193262615754,20.0
611,-9.729,17.618,3.0,0.051000000000000004,9.73158659315311,9.73158659315311,20.0
612,-15.536,11.088,3.0,0.051000000000000004,9.819451488336288,9.819451488336288,20.0
613,-15.765,13.462,3.0,0.051000000000000004,10.303780222402398,10.303780222402398,20.0
614,-15.613,7.54,3.0,0.051000000000000004,10.964764579171622,10.964764579171622,20.0
