in,x,y,q,tc,tr,te,tl
605,-15.403,11.31,3.0,0.051000000000000004,13.505184872948336,13.505184872948336,20.0
606,-9.324,14.027,3.0,0.051000000000000004,13.892168922081428,13.892168922081428,20.0
607,-15.772,13.445,3.0,0.051000000000000004,13.904764157194395,13.904764157194395,20.0
608,2.557,-0.956,3.0,0.051000000000000004,14.818767787561704,14.818767787561704,20.0
609,-10.207,17.739,3.0,0.051000000000000004,14.977533655305486,14.977533655305486,20.0
610,-0.875,-6.813,3.0,0.051000000000000004,17.67207517619635,17.67207517619635,20.0
