in,x,y,q,tc,tr,te,tl
606,-6.496,10.885,3.0,0.051000000000000004,8.093427641831727,8.093427641831727,20.0
607,2.566,-1.125,3.0,0.051000000000000004,8.310454017262934,8.310454017262934,20.0
608,-19.227,12.689,3.0,0.051000000000000004,8.678618483063799,8.678618483063799,20.0
609,-0.835,-6.924,3.0,0.051000000000000004,9.224329965154206,9.224329965154206,20.0
610,-9.293,14.089,3.0,0.051000000000000004,9.429260132719442,9.429260132719442,20.0
611,-8.9,9.155,3.0,0.051000000000000004,9.750658563967246,9.750658563967246,20.0
612,-1.451,-4.931,3.0,0.051000000000000004,9.94014156722933,9.94014156722933,20.0
