in,x,y,q,tc,tr,te,tl
2,-1.195,-6.709,3.0,0.051000000000000004,8.0,8.0,20.0
3,2.303,-0.92,3.0,0.051000000000000004,8.0,8.0,20.0
4,-0.999,-7.158,3.0,0.051000000000000004,8.0,8.0,20.0
5,-10.147,17.802,3.0,0.051000000000000004,8.0,8.0,20.0
