in,x,y,q,tc,tr,te,tl
605,2.399,-0.813,3.0,0.051000000000000004,8.788163498403486,8.788163498403486,20.0
606,-1.242,-6.971,3.0,0.051000000000000004,9.459461471274487,9.459461471274487,20.0
607,-9.782,17.517,3.0,0.051000000000000004,9.586572911880305,9.586572911880305,20.0
608,-9.305,14.221,3.0,0.051000000000000004,10.83333275984517,10.83333275984517,20.0
609,-0.854,-6.773,3.0,0.051000000000000004,13.11711995478437,13.11711995478437,20.0
