in,x,y,q,tc,tr,te,tl
606,-0.808,-6.895,3.0,0.051000000000000004,8.858780056377611,8.858780056377611,20.0
607,-1.424,-6.85,3.0,0.051000000000000004,9.6136579135204,9.6136579135204,20.0
608,-15.692,13.003,3.0,0.051000000000000004,10.22176406548407,10.22176406548407,20.0
609,-9.02,13.828,3.0,0.051000000000000004,10.35940855853108,10.35940855853108,20.0
610,-0.999,0.283,3.0,0.051000000000000004,10.638403054149197,10.638403054149197,20.0
611,-19.313,12.761,3.0,0.051000000000000004,12.37122285818198,12.37122285818198,20.0
612,-8.737,9.386,3.0,0.051000000000000004,13.365231040586709,13.365231040586709,20.0
