in,x,y,q,tc,tr,te,tl
608,-11.556,12.556,3.0,0.051000000000000004,8.126452441408716,8.126452441408716,20.0
609,-19.217,12.761,3.0,0.051000000000000004,8.170503315351816,8.170503315351816,20.0
610,-1.488,-6.817,3.0,0.051000000000000004,10.24178649870554,10.24178649870554,20.0
611,-9.074,13.977,3.0,0.051000000000000004,10.444819456606764,10.444819456606764,20.0
612,-3.539,0.24,3.0,0.051000000000000004,10.792746333202516,10.792746333202516,20.0
613,-0.706,-7.253,3.0,0.051000000000000004,11.409150177844513,11.409150177844513,20.0
614,-10.156,18.043,3.0,0.051000000000000004,11.70308556642469,11.70308556642469,20.0
615,-8.934,9.52,3.0,0.051000000000000004,12.821756992464469,12.821756992464469,20.0
