in,x,y,q,tc,tr,te,tl
2,-1.212,-7.218,3.0,0.051000000000000004,8.0,8.0,20.0
3,-10.285,17.906,3.0,0.051000000000000004,8.0,8.0,20.0
