in,x,y,q,tc,tr,te,tl
605,-1.184,-4.657,3.0,0.051000000000000004,8.420079470539662,8.420079470539662,20.0
606,-6.513,11.0,3.0,0.051000000000000004,8.704148278810163,8.704148278810163,20.0
607,-9.007,13.701,3.0,0.051000000000000004,8.989184356935368,8.989184356935368,20.0
608,-15.453,14.217,3.0,0.051000000000000004,10.564786998056283,10.564786998056283,20.0
609,-0.768,-6.764,3.0,0.051000000000000004,12.007012622917003,12.007012622917003,20.0
610,-1.481,-6.917,3.0,0.051000000000000004,13.02988553741434,13.02988553741434,20.0
