in,x,y,q,tc,tr,te,tl
606,-0.808,-6.895,3.0,0.051000000000000004,8.143130009396268,8.143130009396268,20.0
607,-1.424,-6.85,3.0,0.051000000000000004,8.268942985586733,8.268942985586733,20.0
608,-15.692,13.003,3.0,0.051000000000000004,8.370294010914012,8.370294010914012,20.0
609,-9.02,13.828,3.0,0.051000000000000004,8.39323475975518,8.39323475975518,20.0
610,-0.999,0.283,3.0,0.051000000000000004,8.4397338423582,8.4397338423582,20.0
611,-19.313,12.761,3.0,0.051000000000000004,8.72853714303033,8.72853714303033,20.0
612,-8.737,9.386,3.0,0.051000000000000004,8.894205173431118,8.894205173431118,20.0
