in,x,y,q,tc,tr,te,tl
606,-0.808,-6.895,3.0,0.051000000000000004,8.572520037585074,8.572520037585074,20.0
607,-1.424,-6.85,3.0,0.051000000000000004,9.075771942346933,9.075771942346933,20.0
608,-15.692,13.003,3.0,0.051000000000000004,9.481176043656045,9.481176043656045,20.0
609,-9.02,13.828,3.0,0.051000000000000004,9.57293903902072,9.57293903902072,20.0
610,-0.999,0.283,3.0,0.051000000000000004,9.758935369432798,9.758935369432798,20.0
611,-19.313,12.761,3.0,0.051000000000000004,10.91414857212132,10.91414857212132,20.0
612,-8.737,9.386,3.0,0.051000000000000004,11.576820693724471,11.576820693724471,20.0
