in,x,y,q,tc,tr,te,tl
607,-2.545,-21.655,3.0,0.051000000000000004,8.14801749390074,8.14801749390074,20.0
608,-1.333,-6.843,3.0,0.051000000000000004,8.352077544179599,8.352077544179599,20.0
609,-0.84,-7.29,3.0,0.051000000000000004,10.30686390326197,10.30686390326197,20.0
610,-10.189,18.071,3.0,0.051000000000000004,11.771494980936861,11.771494980936861,20.0
611,-15.602,11.205,3.0,0.051000000000000004,11.8480468246383,11.8480468246383,20.0
612,-12.324,10.406,3.0,0.051000000000000004,12.366067980522272,12.366067980522272,20.0
613,-0.249,-1.662,3.0,0.051000000000000004,14.133479072058423,14.133479072058423,20.0
614,-0.885,0.215,3.0,0.051000000000000004,17.75958512962381,17.75958512962381,20.0
