in,x,y,q,tc,tr,te,tl
2,-1.315,-6.665,3.0,0.051000000000000004,8.0,8.0,20.0
3,-0.839,-7.266,3.0,0.051000000000000004,8.0,8.0,20.0
4,-9.918,17.657,3.0,0.051000000000000004,8.0,8.0,20.0
